feature,file,folder
ACD011A,ACQ_I,Questionnaire
ACD011B,ACQ_I,Questionnaire
ACD011C,ACQ_I,Questionnaire
ACD040,ACQ_I,Questionnaire
ACD110,ACQ_I,Questionnaire
AGQ030,MCQ_I,Questionnaire
AIALANGA,DEMO_I,Demographics
ALQ101,ALQ_I,Questionnaire
ALQ110,ALQ_I,Questionnaire
ALQ120Q,ALQ_I,Questionnaire
ALQ120U,ALQ_I,Questionnaire
ALQ130,ALQ_I,Questionnaire
ALQ141Q,ALQ_I,Questionnaire
ALQ141U,ALQ_I,Questionnaire
ALQ151,ALQ_I,Questionnaire
ALQ160,ALQ_I,Questionnaire
AUD148,AUQ_I,Questionnaire
AUQ054,AUQ_I,Questionnaire
AUQ060,AUQ_I,Questionnaire
AUQ070,AUQ_I,Questionnaire
AUQ080,AUQ_I,Questionnaire
AUQ090,AUQ_I,Questionnaire
AUQ100,AUQ_I,Questionnaire
AUQ110,AUQ_I,Questionnaire
AUQ136,AUQ_I,Questionnaire
AUQ138,AUQ_I,Questionnaire
AUQ144,AUQ_I,Questionnaire
AUQ146,AUQ_I,Questionnaire
AUQ152,AUQ_I,Questionnaire
AUQ154,AUQ_I,Questionnaire
AUQ191,AUQ_I,Questionnaire
AUQ250,AUQ_I,Questionnaire
AUQ255,AUQ_I,Questionnaire
AUQ260,AUQ_I,Questionnaire
AUQ270,AUQ_I,Questionnaire
AUQ280,AUQ_I,Questionnaire
AUQ300,AUQ_I,Questionnaire
AUQ310,AUQ_I,Questionnaire
AUQ320,AUQ_I,Questionnaire
AUQ331,AUQ_I,Questionnaire
AUQ340,AUQ_I,Questionnaire
AUQ350,AUQ_I,Questionnaire
AUQ361,AUQ_I,Questionnaire
AUQ370,AUQ_I,Questionnaire
AUQ381,AUQ_I,Questionnaire
BMDAVSAD,BMX_I,Examination
BMDSADCM,BMX_I,Examination
BMDSTATS,BMX_I,Examination
BMIARMC,BMX_I,Examination
BMIARML,BMX_I,Examination
BMIHEAD,BMX_I,Examination
BMIWAIST,BMX_I,Examination
BMXARMC,BMX_I,Examination
BMXARML,BMX_I,Examination
BMXHEAD,BMX_I,Examination
BMXSAD1,BMX_I,Examination
BMXSAD2,BMX_I,Examination
BMXSAD3,BMX_I,Examination
BMXSAD4,BMX_I,Examination
BMXWAIST,BMX_I,Examination
BPAARM,BPX_I,Examination
BPACSZ,BPX_I,Examination
BPAEN1,BPX_I,Examination
BPAEN2,BPX_I,Examination
BPAEN3,BPX_I,Examination
BPAEN4,BPX_I,Examination
BPQ040A,BPQ_I,Questionnaire
BPQ050A,BPQ_I,Questionnaire
CDQ009A,CDQ_I,Questionnaire
DBQ073A,DBQ_I,Questionnaire
DBQ223A,DBQ_I,Questionnaire
DBQ235A,DBQ_I,Questionnaire
DEQ034A,DEQ_I,Questionnaire
DIQ175A,DIQ_I,Questionnaire
DMDHHSZA,DEMO_I,Demographics
DMDHRAGE,DEMO_I,Demographics
DMDHRMAR,DEMO_I,Demographics
DMDMARTL,DEMO_I,Demographics
DMQADFC,DEMO_I,Demographics
DR1BWATZ,DR1TOT_I,Dietary
DR1DAY,DR1TOT_I,Dietary
DR1DAY,DR1IFF_I,Dietary
DR1IACAR,DR1IFF_I,Dietary
DR1IALCO,DR1IFF_I,Dietary
DR1IATOA,DR1IFF_I,Dietary
DR1IATOC,DR1IFF_I,Dietary
DR1IB12A,DR1IFF_I,Dietary
DR1IBCAR,DR1IFF_I,Dietary
DR1ICAFF,DR1IFF_I,Dietary
DR1ICALC,DR1IFF_I,Dietary
DR1ICARB,DR1IFF_I,Dietary
DR1IFA,DR1IFF_I,Dietary
DR1IFOLA,DR1IFF_I,Dietary
DR1IKCAL,DR1IFF_I,Dietary
DR1IMAGN,DR1IFF_I,Dietary
DR1IMFAT,DR1IFF_I,Dietary
DR1INIAC,DR1IFF_I,Dietary
DR1IPFAT,DR1IFF_I,Dietary
DR1IPOTA,DR1IFF_I,Dietary
DR1ISFAT,DR1IFF_I,Dietary
DR1ITFAT,DR1IFF_I,Dietary
DR1IVARA,DR1IFF_I,Dietary
DR1LANG,DR1TOT_I,Dietary
DR1LANG,DR1IFF_I,Dietary
DR1TACAR,DR1TOT_I,Dietary
DR1TALCO,DR1TOT_I,Dietary
DR1TATOA,DR1TOT_I,Dietary
DR1TATOC,DR1TOT_I,Dietary
DR1TB12A,DR1TOT_I,Dietary
DR1TBCAR,DR1TOT_I,Dietary
DR1TCAFF,DR1TOT_I,Dietary
DR1TCALC,DR1TOT_I,Dietary
DR1TCARB,DR1TOT_I,Dietary
DR1TFA,DR1TOT_I,Dietary
DR1TFOLA,DR1TOT_I,Dietary
DR1TKCAL,DR1TOT_I,Dietary
DR1TMAGN,DR1TOT_I,Dietary
DR1TMFAT,DR1TOT_I,Dietary
DR1TNIAC,DR1TOT_I,Dietary
DR1TPFAT,DR1TOT_I,Dietary
DR1TPOTA,DR1TOT_I,Dietary
DR1TSFAT,DR1TOT_I,Dietary
DR1TTFAT,DR1TOT_I,Dietary
DR1TVARA,DR1TOT_I,Dietary
DR2BWATZ,DR2TOT_I,Dietary
DR2DAY,DR2TOT_I,Dietary
DR2DAY,DR2IFF_I,Dietary
DR2IACAR,DR2IFF_I,Dietary
DR2IALCO,DR2IFF_I,Dietary
DR2IATOA,DR2IFF_I,Dietary
DR2IATOC,DR2IFF_I,Dietary
DR2IB12A,DR2IFF_I,Dietary
DR2IBCAR,DR2IFF_I,Dietary
DR2ICAFF,DR2IFF_I,Dietary
DR2ICALC,DR2IFF_I,Dietary
DR2ICARB,DR2IFF_I,Dietary
DR2IFA,DR2IFF_I,Dietary
DR2IFOLA,DR2IFF_I,Dietary
DR2IKCAL,DR2IFF_I,Dietary
DR2IMAGN,DR2IFF_I,Dietary
DR2IMFAT,DR2IFF_I,Dietary
DR2INIAC,DR2IFF_I,Dietary
DR2IPFAT,DR2IFF_I,Dietary
DR2IPOTA,DR2IFF_I,Dietary
DR2ISFAT,DR2IFF_I,Dietary
DR2ITFAT,DR2IFF_I,Dietary
DR2IVARA,DR2IFF_I,Dietary
DR2LANG,DR2TOT_I,Dietary
DR2LANG,DR2IFF_I,Dietary
DR2TACAR,DR2TOT_I,Dietary
DR2TALCO,DR2TOT_I,Dietary
DR2TATOA,DR2TOT_I,Dietary
DR2TATOC,DR2TOT_I,Dietary
DR2TB12A,DR2TOT_I,Dietary
DR2TBCAR,DR2TOT_I,Dietary
DR2TCAFF,DR2TOT_I,Dietary
DR2TCALC,DR2TOT_I,Dietary
DR2TCARB,DR2TOT_I,Dietary
DR2TFA,DR2TOT_I,Dietary
DR2TFOLA,DR2TOT_I,Dietary
DR2TKCAL,DR2TOT_I,Dietary
DR2TMAGN,DR2TOT_I,Dietary
DR2TMFAT,DR2TOT_I,Dietary
DR2TNIAC,DR2TOT_I,Dietary
DR2TPFAT,DR2TOT_I,Dietary
DR2TPOTA,DR2TOT_I,Dietary
DR2TSFAT,DR2TOT_I,Dietary
DR2TTFAT,DR2TOT_I,Dietary
DR2TVARA,DR2TOT_I,Dietary
DRABF,DR1TOT_I,Dietary
DRABF,DR2TOT_I,Dietary
DRABF,DR1IFF_I,Dietary
DRABF,DR2IFF_I,Dietary
DRD350A,DR1TOT_I,Dietary
DRD350AQ,DR1TOT_I,Dietary
DRD370A,DR1TOT_I,Dietary
DRD370AQ,DR1TOT_I,Dietary
DUQ380A,DUQ_I,Questionnaire
ECD070A,ECQ_I,Questionnaire
FIAINTRP,DEMO_I,Demographics
FIALANG,DEMO_I,Demographics
FIAPROXY,DEMO_I,Demographics
GTXDRANK,OGTT_I,Laboratory
HIQ031A,HIQ_I,Questionnaire
HIQ031AA,HIQ_I,Questionnaire
HSAQUEX,HSQ_I,Questionnaire
LBDAPBSI,APOB_I,Laboratory
LBDBANO,CBC_I,Laboratory
LBDBFOAL,PFAS_I,Laboratory
LBDMPAHL,PFAS_I,Laboratory
LBDNFOAL,PFAS_I,Laboratory
LBDPFNAL,PFAS_I,Laboratory
LBDPFUAL,PFAS_I,Laboratory
LBDSALSI,BIOPRO_I,Laboratory
LBDSCASI,BIOPRO_I,Laboratory
LBDSUASI,BIOPRO_I,Laboratory
LBDV2ALC,VOCWB_I,Laboratory
LBDV2ALC,VOCWBS_I,Laboratory
LBDVEALC,VOCWB_I,Laboratory
LBDVEALC,VOCWBS_I,Laboratory
LBXAPB,APOB_I,Laboratory
LBXBAPCT,CBC_I,Laboratory
LBXBFOA,PFAS_I,Laboratory
LBXHA,HEPA_I,Laboratory
LBXHNAT,HIV_I,Laboratory
LBXMPAH,PFAS_I,Laboratory
LBXNFOA,PFAS_I,Laboratory
LBXPFNA,PFAS_I,Laboratory
LBXPFUA,PFAS_I,Laboratory
LBXSAL,BIOPRO_I,Laboratory
LBXSAPSI,BIOPRO_I,Laboratory
LBXSASSI,BIOPRO_I,Laboratory
LBXSATSI,BIOPRO_I,Laboratory
LBXSCA,BIOPRO_I,Laboratory
LBXSNASI,BIOPRO_I,Laboratory
LBXSUA,BIOPRO_I,Laboratory
LBXV2A,VOCWB_I,Laboratory
LBXV2A,VOCWBS_I,Laboratory
LBXVEA,VOCWB_I,Laboratory
LBXVEA,VOCWBS_I,Laboratory
MCQ160a,MCQ_I,Questionnaire
MCQ180a,MCQ_I,Questionnaire
MCQ230a,MCQ_I,Questionnaire
MCQ240a,MCQ_I,Questionnaire
MCQ240aa,MCQ_I,Questionnaire
MCQ300a,MCQ_I,Questionnaire
MCQ365a,MCQ_I,Questionnaire
MCQ370a,MCQ_I,Questionnaire
MIAINTRP,DEMO_I,Demographics
MIALANG,DEMO_I,Demographics
MIAPROXY,DEMO_I,Demographics
OHAPOS,OHXREF_I,Examination
OHAREC,OHXREF_I,Examination
OHARNF,OHXREF_I,Examination
OHAROCCI,OHXREF_I,Examination
OHAROCDE,OHXREF_I,Examination
OHAROCDT,OHXREF_I,Examination
OHAROCGP,OHXREF_I,Examination
OHAROCOH,OHXREF_I,Examination
OHAROTH,OHXREF_I,Examination
OHQ780A,OHQ_I,Questionnaire
OHXRCAR,OHXDEN_I,Examination
OHXRCARO,OHXDEN_I,Examination
PAD615,PAQ_I,Questionnaire
PAD630,PAQ_I,Questionnaire
PAD645,PAQ_I,Questionnaire
PAD660,PAQ_I,Questionnaire
PAD675,PAQ_I,Questionnaire
PAD680,PAQ_I,Questionnaire
PAD733,PAQ_I,Questionnaire
PAQ605,PAQ_I,Questionnaire
PAQ610,PAQ_I,Questionnaire
PAQ620,PAQ_I,Questionnaire
PAQ625,PAQ_I,Questionnaire
PAQ635,PAQ_I,Questionnaire
PAQ640,PAQ_I,Questionnaire
PAQ650,PAQ_I,Questionnaire
PAQ655,PAQ_I,Questionnaire
PAQ665,PAQ_I,Questionnaire
PAQ670,PAQ_I,Questionnaire
PAQ677,PAQ_I,Questionnaire
PAQ678,PAQ_I,Questionnaire
PAQ679,PAQ_I,Questionnaire
PAQ706,PAQ_I,Questionnaire
PAQ710,PAQ_I,Questionnaire
PAQ715,PAQ_I,Questionnaire
PAQ722,PAQ_I,Questionnaire
PAQ724a,PAQ_I,Questionnaire
PAQ724aa,PAQ_I,Questionnaire
PAQ724ab,PAQ_I,Questionnaire
PAQ724ac,PAQ_I,Questionnaire
PAQ724ad,PAQ_I,Questionnaire
PAQ724ae,PAQ_I,Questionnaire
PAQ724af,PAQ_I,Questionnaire
PAQ724b,PAQ_I,Questionnaire
PAQ724c,PAQ_I,Questionnaire
PAQ724cm,PAQ_I,Questionnaire
PAQ724d,PAQ_I,Questionnaire
PAQ724e,PAQ_I,Questionnaire
PAQ724f,PAQ_I,Questionnaire
PAQ724g,PAQ_I,Questionnaire
PAQ724h,PAQ_I,Questionnaire
PAQ724i,PAQ_I,Questionnaire
PAQ724j,PAQ_I,Questionnaire
PAQ724k,PAQ_I,Questionnaire
PAQ724l,PAQ_I,Questionnaire
PAQ724m,PAQ_I,Questionnaire
PAQ724n,PAQ_I,Questionnaire
PAQ724o,PAQ_I,Questionnaire
PAQ724p,PAQ_I,Questionnaire
PAQ724q,PAQ_I,Questionnaire
PAQ724r,PAQ_I,Questionnaire
PAQ724s,PAQ_I,Questionnaire
PAQ724t,PAQ_I,Questionnaire
PAQ724u,PAQ_I,Questionnaire
PAQ724v,PAQ_I,Questionnaire
PAQ724w,PAQ_I,Questionnaire
PAQ724x,PAQ_I,Questionnaire
PAQ724y,PAQ_I,Questionnaire
PAQ724z,PAQ_I,Questionnaire
PAQ731,PAQ_I,Questionnaire
PAQ740,PAQ_I,Questionnaire
PAQ742,PAQ_I,Questionnaire
PAQ744,PAQ_I,Questionnaire
PAQ746,PAQ_I,Questionnaire
PAQ748,PAQ_I,Questionnaire
PAQ750,PAQ_I,Questionnaire
PAQ755,PAQ_I,Questionnaire
PAQ759a,PAQ_I,Questionnaire
PAQ759b,PAQ_I,Questionnaire
PAQ759c,PAQ_I,Questionnaire
PAQ759d,PAQ_I,Questionnaire
PAQ759e,PAQ_I,Questionnaire
PAQ759f,PAQ_I,Questionnaire
PAQ759g,PAQ_I,Questionnaire
PAQ759h,PAQ_I,Questionnaire
PAQ759i,PAQ_I,Questionnaire
PAQ759j,PAQ_I,Questionnaire
PAQ759k,PAQ_I,Questionnaire
PAQ759l,PAQ_I,Questionnaire
PAQ759m,PAQ_I,Questionnaire
PAQ759n,PAQ_I,Questionnaire
PAQ759o,PAQ_I,Questionnaire
PAQ759p,PAQ_I,Questionnaire
PAQ759q,PAQ_I,Questionnaire
PAQ759r,PAQ_I,Questionnaire
PAQ759s,PAQ_I,Questionnaire
PAQ759t,PAQ_I,Questionnaire
PAQ759u,PAQ_I,Questionnaire
PAQ762,PAQ_I,Questionnaire
PAQ764,PAQ_I,Questionnaire
PAQ766,PAQ_I,Questionnaire
PAQ770,PAQ_I,Questionnaire
PAQ772a,PAQ_I,Questionnaire
PAQ772b,PAQ_I,Questionnaire
PAQ772c,PAQ_I,Questionnaire
PEASCCT1,BPX_I,Examination
PFQ061A,PFQ_I,Questionnaire
PFQ063A,PFQ_I,Questionnaire
PHAALCHR,FASTQX_I,Laboratory
PHAALCMN,FASTQX_I,Laboratory
PHAANTHR,FASTQX_I,Laboratory
PHAANTMN,FASTQX_I,Laboratory
PHACOFHR,FASTQX_I,Laboratory
PHACOFMN,FASTQX_I,Laboratory
PHAFSTHR,FASTQX_I,Laboratory
PHAFSTHR,INS_I,Laboratory
PHAFSTMN,FASTQX_I,Laboratory
PHAFSTMN,INS_I,Laboratory
PHAGUMHR,FASTQX_I,Laboratory
PHAGUMMN,FASTQX_I,Laboratory
PHASUPHR,FASTQX_I,Laboratory
PHASUPMN,FASTQX_I,Laboratory
RHQ542A,RHQ_I,Questionnaire
RIAGENDR,DEMO_I,Demographics
RIDAGEMN,DEMO_I,Demographics
RIDAGEYR,DEMO_I,Demographics
RIDEXAGM,DEMO_I,Demographics
RIDSTATR,DEMO_I,Demographics
RXDDAYS,RXQ_RX_I,Questionnaire
SDMVSTRA,DEMO_I,Demographics
SIAINTRP,DEMO_I,Demographics
SIALANG,DEMO_I,Demographics
SIAPROXY,DEMO_I,Demographics
SMAQUEX,SMQSHS_I,Questionnaire
SMAQUEX,SMQRTU_I,Questionnaire
SMAQUEX2,SMQ_I,Questionnaire
SMDANY,SMQRTU_I,Questionnaire
SMDUPCA,SMQ_I,Questionnaire
SMQ665A,SMQ_I,Questionnaire
SMQ690A,SMQRTU_I,Questionnaire
SSACET,SSNEON_I,Laboratory
SSACETLC,SSNEON_I,Laboratory
SSAND,SSNEON_I,Laboratory
SSANDLC,SSNEON_I,Laboratory
SSTHIA,SSNEON_I,Laboratory
SSTHIALC,SSNEON_I,Laboratory
URD4DALC,UADM_I,Laboratory
URD4MALC,UADM_I,Laboratory
URD5NALC,UADM_I,Laboratory
URD6DALC,UADM_I,Laboratory
URDAAMLC,UVOC_I,Laboratory
URDAAMLC,UVOCS_I,Laboratory
URDACT,ALB_CR_I,Laboratory
URDAMCLC,UVOC_I,Laboratory
URDAMCLC,UVOCS_I,Laboratory
URDATCLC,UVOC_I,Laboratory
URDATCLC,UVOCS_I,Laboratory
URDBMALC,UVOC_I,Laboratory
URDBMALC,UVOCS_I,Laboratory
URDCYALC,UVOC_I,Laboratory
URDCYALC,UVOCS_I,Laboratory
URDGAMLC,UVOC_I,Laboratory
URDGAMLC,UVOCS_I,Laboratory
URDMADLC,UVOC_I,Laboratory
URDMADLC,UVOCS_I,Laboratory
URDPDALC,UADM_I,Laboratory
URDPMALC,UVOC_I,Laboratory
URDPMALC,UVOCS_I,Laboratory
URDUA3LC,UASS_I,Laboratory
URDUA3LC,UAS_I,Laboratory
URDUA5LC,UASS_I,Laboratory
URDUA5LC,UAS_I,Laboratory
URDUABLC,UASS_I,Laboratory
URDUABLC,UAS_I,Laboratory
URDUACLC,UASS_I,Laboratory
URDUACLC,UAS_I,Laboratory
URDUBALC,UMS_I,Laboratory
URDUBALC,UM_I,Laboratory
URDUDALC,UASS_I,Laboratory
URDUDALC,UAS_I,Laboratory
URDUMALC,ALB_CR_I,Laboratory
URDUMMAL,UASS_I,Laboratory
URDUMMAL,UAS_I,Laboratory
URX4MDA,UADM_I,Laboratory
URX4TDA,UADM_I,Laboratory
URX5NDA,UADM_I,Laboratory
URX6TDA,UADM_I,Laboratory
URXAAM,UVOC_I,Laboratory
URXAAM,UVOCS_I,Laboratory
URXAMC,UVOC_I,Laboratory
URXAMC,UVOCS_I,Laboratory
URXATC,UVOC_I,Laboratory
URXATC,UVOCS_I,Laboratory
URXBMA,UVOC_I,Laboratory
URXBMA,UVOCS_I,Laboratory
URXCYHA,UVOC_I,Laboratory
URXCYHA,UVOCS_I,Laboratory
URXGAM,UVOC_I,Laboratory
URXGAM,UVOCS_I,Laboratory
URXMAD,UVOC_I,Laboratory
URXMAD,UVOCS_I,Laboratory
URXPMA,UVOC_I,Laboratory
URXPMA,UVOCS_I,Laboratory
URXPPDA,UADM_I,Laboratory
URXUAB,UASS_I,Laboratory
URXUAB,UAS_I,Laboratory
URXUAC,UASS_I,Laboratory
URXUAC,UAS_I,Laboratory
URXUAS,UTASS_I,Laboratory
URXUAS,UTAS_I,Laboratory
URXUAS3,UASS_I,Laboratory
URXUAS3,UAS_I,Laboratory
URXUAS5,UASS_I,Laboratory
URXUAS5,UAS_I,Laboratory
URXUBA,UMS_I,Laboratory
URXUBA,UM_I,Laboratory
URXUDMA,UASS_I,Laboratory
URXUDMA,UAS_I,Laboratory
URXUMA,ALB_CR_I,Laboratory
URXUMMA,UASS_I,Laboratory
URXUMMA,UAS_I,Laboratory
WHD080A,WHQ_I,Questionnaire
WTSA2YR,CUSEZN_I,Laboratory
WTSA2YR,UAS_I,Laboratory
WTSA2YR,UTAS_I,Laboratory
WTSA2YR,UM_I,Laboratory
WTSA2YR,UIO_I,Laboratory
WTSA2YR,UHG_I,Laboratory
WTSA2YR,UVOC_I,Laboratory
WTSA2YR,UADM_I,Laboratory
WTSAF2YR,GLU_I,Laboratory
WTSAF2YR,INS_I,Laboratory
WTSAF2YR,TRIGLY_I,Laboratory
WTSAF2YR,APOB_I,Laboratory
BMDBMIC,BMX_I,Examination
BMIHT,BMX_I,Examination
BMILEG,BMX_I,Examination
BMIRECUM,BMX_I,Examination
BMIWT,BMX_I,Examination
BMXBMI,BMX_I,Examination
BMXHT,BMX_I,Examination
BMXLEG,BMX_I,Examination
BMXRECUM,BMX_I,Examination
BMXWT,BMX_I,Examination
BPD035,BPQ_I,Questionnaire
BPQ020,BPQ_I,Questionnaire
BPQ030,BPQ_I,Questionnaire
BPQ060,BPQ_I,Questionnaire
BPQ070,BPQ_I,Questionnaire
BPQ080,BPQ_I,Questionnaire
BPQ090D,BPQ_I,Questionnaire
BPQ100D,BPQ_I,Questionnaire
BPXCHR,BPX_I,Examination
BPXDI1,BPX_I,Examination
BPXDI2,BPX_I,Examination
BPXDI3,BPX_I,Examination
BPXDI4,BPX_I,Examination
BPXML1,BPX_I,Examination
BPXPLS,BPX_I,Examination
BPXPTY,BPX_I,Examination
BPXPULS,BPX_I,Examination
BPXSY1,BPX_I,Examination
BPXSY2,BPX_I,Examination
BPXSY3,BPX_I,Examination
BPXSY4,BPX_I,Examination
CBD071,CBQ_I,Questionnaire
CBD091,CBQ_I,Questionnaire
CBD111,CBQ_I,Questionnaire
CBD121,CBQ_I,Questionnaire
CBD131,CBQ_I,Questionnaire
CBQ505,DBQ_I,Questionnaire
CBQ535,DBQ_I,Questionnaire
CBQ540,DBQ_I,Questionnaire
CBQ545,DBQ_I,Questionnaire
CBQ550,DBQ_I,Questionnaire
CBQ552,DBQ_I,Questionnaire
CBQ580,DBQ_I,Questionnaire
CBQ585,DBQ_I,Questionnaire
CBQ590,DBQ_I,Questionnaire
CBQ596,DBQ_I,Questionnaire
CBQ606,DBQ_I,Questionnaire
CBQ611,DBQ_I,Questionnaire
CDQ009B,CDQ_I,Questionnaire
DBD030,DBQ_I,Questionnaire
DBD041,DBQ_I,Questionnaire
DBD050,DBQ_I,Questionnaire
DBD055,DBQ_I,Questionnaire
DBD061,DBQ_I,Questionnaire
DBD100,DR1TOT_I,Dietary
DBD381,DBQ_I,Questionnaire
DBD411,DBQ_I,Questionnaire
DBD895,DBQ_I,Questionnaire
DBD900,DBQ_I,Questionnaire
DBD905,DBQ_I,Questionnaire
DBD910,DBQ_I,Questionnaire
DBQ010,DBQ_I,Questionnaire
DBQ073B,DBQ_I,Questionnaire
DBQ073C,DBQ_I,Questionnaire
DBQ073D,DBQ_I,Questionnaire
DBQ073E,DBQ_I,Questionnaire
DBQ073U,DBQ_I,Questionnaire
DBQ095Z,DR1TOT_I,Dietary
DBQ197,DBQ_I,Questionnaire
DBQ223B,DBQ_I,Questionnaire
DBQ223C,DBQ_I,Questionnaire
DBQ223D,DBQ_I,Questionnaire
DBQ223E,DBQ_I,Questionnaire
DBQ223U,DBQ_I,Questionnaire
DBQ229,DBQ_I,Questionnaire
DBQ235B,DBQ_I,Questionnaire
DBQ235C,DBQ_I,Questionnaire
DBQ301,DBQ_I,Questionnaire
DBQ330,DBQ_I,Questionnaire
DBQ360,DBQ_I,Questionnaire
DBQ370,DBQ_I,Questionnaire
DBQ390,DBQ_I,Questionnaire
DBQ400,DBQ_I,Questionnaire
DBQ421,DBQ_I,Questionnaire
DBQ424,DBQ_I,Questionnaire
DBQ700,DBQ_I,Questionnaire
DIQ175B,DIQ_I,Questionnaire
DMDBORN4,DEMO_I,Demographics
DMDHHSZB,DEMO_I,Demographics
DMDHRBR4,DEMO_I,Demographics
DR1DBIH,DR1TOT_I,Dietary
DR1DBIH,DR1IFF_I,Dietary
DR1IFIBE,DR1IFF_I,Dietary
DR1IVB1,DR1IFF_I,Dietary
DR1IVB12,DR1IFF_I,Dietary
DR1IVB2,DR1IFF_I,Dietary
DR1IVB6,DR1IFF_I,Dietary
DR1TFIBE,DR1TOT_I,Dietary
DR1TVB1,DR1TOT_I,Dietary
DR1TVB12,DR1TOT_I,Dietary
DR1TVB2,DR1TOT_I,Dietary
DR1TVB6,DR1TOT_I,Dietary
DR2DBIH,DR2TOT_I,Dietary
DR2DBIH,DR2IFF_I,Dietary
DR2IFIBE,DR2IFF_I,Dietary
DR2IVB1,DR2IFF_I,Dietary
DR2IVB12,DR2IFF_I,Dietary
DR2IVB2,DR2IFF_I,Dietary
DR2IVB6,DR2IFF_I,Dietary
DR2TFIBE,DR2TOT_I,Dietary
DR2TVB1,DR2TOT_I,Dietary
DR2TVB12,DR2TOT_I,Dietary
DR2TVB2,DR2TOT_I,Dietary
DR2TVB6,DR2TOT_I,Dietary
DRD350B,DR1TOT_I,Dietary
DRD350BQ,DR1TOT_I,Dietary
DRD370B,DR1TOT_I,Dietary
DRD370BQ,DR1TOT_I,Dietary
DUQ380B,DUQ_I,Questionnaire
ECD070B,ECQ_I,Questionnaire
GTDBL2MN,OGTT_I,Laboratory
HIQ031B,HIQ_I,Questionnaire
LBD2DFLC,VOCWB_I,Laboratory
LBD2DFLC,VOCWBS_I,Laboratory
LBD4CELC,VOCWB_I,Laboratory
LBD4CELC,VOCWBS_I,Laboratory
LBDBCDLC,PBCD_I,Laboratory
LBDBCDSI,PBCD_I,Laboratory
LBDBCOLC,CRCO_I,Laboratory
LBDBCOSI,CRCO_I,Laboratory
LBDBCRLC,CRCO_I,Laboratory
LBDBCRSI,CRCO_I,Laboratory
LBDBGELC,IHGEM_I,Laboratory
LBDBGMLC,IHGEM_I,Laboratory
LBDBMNLC,PBCD_I,Laboratory
LBDBMNSI,PBCD_I,Laboratory
LBDBPBLC,PBCD_I,Laboratory
LBDBPBSI,PBCD_I,Laboratory
LBDBSELC,PBCD_I,Laboratory
LBDBSESI,PBCD_I,Laboratory
LBDCOTLC,COT_I,Laboratory
LBDEONO,CBC_I,Laboratory
LBDESTLC,TST_I,Laboratory
LBDFOT,FOLFMS_I,Laboratory
LBDFOTSI,FOLFMS_I,Laboratory
LBDGLTSI,OGTT_I,Laboratory
LBDGLUSI,GLU_I,Laboratory
LBDHBG,HEPBD_I,Laboratory
LBDHCTLC,COT_I,Laboratory
LBDHD,HEPBD_I,Laboratory
LBDHDD,HDL_I,Laboratory
LBDHDDSI,HDL_I,Laboratory
LBDHEG,HEPE_I,Laboratory
LBDHEM,HEPE_I,Laboratory
LBDIHGLC,IHGEM_I,Laboratory
LBDIHGSI,IHGEM_I,Laboratory
LBDINLC,INS_I,Laboratory
LBDINSI,INS_I,Laboratory
LBDLDL,TRIGLY_I,Laboratory
LBDLDLSI,TRIGLY_I,Laboratory
LBDLYMNO,CBC_I,Laboratory
LBDMFOSL,PFAS_I,Laboratory
LBDMONO,CBC_I,Laboratory
LBDNENO,CBC_I,Laboratory
LBDNFOSL,PFAS_I,Laboratory
LBDPFDEL,PFAS_I,Laboratory
LBDPFDOL,PFAS_I,Laboratory
LBDPFHSL,PFAS_I,Laboratory
LBDPFL,FLDEP_I,Laboratory
LBDR06,HPVSWR_I,Laboratory
LBDR11,HPVSWR_I,Laboratory
LBDR16,HPVSWR_I,Laboratory
LBDR18,HPVSWR_I,Laboratory
LBDR26,HPVSWR_I,Laboratory
LBDR31,HPVSWR_I,Laboratory
LBDR33,HPVSWR_I,Laboratory
LBDR35,HPVSWR_I,Laboratory
LBDR39,HPVSWR_I,Laboratory
LBDR40,HPVSWR_I,Laboratory
LBDR42,HPVSWR_I,Laboratory
LBDR45,HPVSWR_I,Laboratory
LBDR51,HPVSWR_I,Laboratory
LBDR52,HPVSWR_I,Laboratory
LBDR53,HPVSWR_I,Laboratory
LBDR54,HPVSWR_I,Laboratory
LBDR55,HPVSWR_I,Laboratory
LBDR56,HPVSWR_I,Laboratory
LBDR58,HPVSWR_I,Laboratory
LBDR59,HPVSWR_I,Laboratory
LBDR61,HPVSWR_I,Laboratory
LBDR62,HPVSWR_I,Laboratory
LBDR64,HPVSWR_I,Laboratory
LBDR66,HPVSWR_I,Laboratory
LBDR67,HPVSWR_I,Laboratory
LBDR68,HPVSWR_I,Laboratory
LBDR69,HPVSWR_I,Laboratory
LBDR70,HPVSWR_I,Laboratory
LBDR71,HPVSWR_I,Laboratory
LBDR72,HPVSWR_I,Laboratory
LBDR73,HPVSWR_I,Laboratory
LBDR81,HPVSWR_I,Laboratory
LBDR82,HPVSWR_I,Laboratory
LBDR83,HPVSWR_I,Laboratory
LBDR84,HPVSWR_I,Laboratory
LBDR89,HPVSWR_I,Laboratory
LBDRFO,FOLATE_I,Laboratory
LBDRFOSI,FOLATE_I,Laboratory
LBDRHP,HPVSWR_I,Laboratory
LBDRLP,HPVSWR_I,Laboratory
LBDRPCR,HPVSWR_I,Laboratory
LBDRPI,HPVSWR_I,Laboratory
LBDSBUSI,BIOPRO_I,Laboratory
LBDSCHSI,BIOPRO_I,Laboratory
LBDSCRSI,BIOPRO_I,Laboratory
LBDSCUSI,CUSEZN_I,Laboratory
LBDSF1LC,FOLFMS_I,Laboratory
LBDSF2LC,FOLFMS_I,Laboratory
LBDSF3LC,FOLFMS_I,Laboratory
LBDSF4LC,FOLFMS_I,Laboratory
LBDSF5LC,FOLFMS_I,Laboratory
LBDSF6LC,FOLFMS_I,Laboratory
LBDSGBSI,BIOPRO_I,Laboratory
LBDSGLSI,BIOPRO_I,Laboratory
LBDSHGLC,TST_I,Laboratory
LBDSIRSI,BIOPRO_I,Laboratory
LBDSPHSI,BIOPRO_I,Laboratory
LBDSSESI,CUSEZN_I,Laboratory
LBDSTBSI,BIOPRO_I,Laboratory
LBDSTPSI,BIOPRO_I,Laboratory
LBDSTRSI,BIOPRO_I,Laboratory
LBDSZNSI,CUSEZN_I,Laboratory
LBDTCSI,TCHOL_I,Laboratory
LBDTHGLC,PBCD_I,Laboratory
LBDTHGSI,PBCD_I,Laboratory
LBDTRSI,TRIGLY_I,Laboratory
LBDTSTLC,TST_I,Laboratory
LBDV06LC,VOCWB_I,Laboratory
LBDV06LC,VOCWBS_I,Laboratory
LBDV07LC,VOCWB_I,Laboratory
LBDV07LC,VOCWBS_I,Laboratory
LBDV08LC,VOCWB_I,Laboratory
LBDV08LC,VOCWBS_I,Laboratory
LBDV1DLC,VOCWB_I,Laboratory
LBDV1DLC,VOCWBS_I,Laboratory
LBDV3BLC,VOCWB_I,Laboratory
LBDV3BLC,VOCWBS_I,Laboratory
LBDV4CLC,VOCWB_I,Laboratory
LBDV4CLC,VOCWBS_I,Laboratory
LBDVBFLC,VOCWB_I,Laboratory
LBDVBFLC,VOCWBS_I,Laboratory
LBDVBMLC,VOCWB_I,Laboratory
LBDVBMLC,VOCWBS_I,Laboratory
LBDVBZLC,VOCWB_I,Laboratory
LBDVBZLC,VOCWBS_I,Laboratory
LBDVC6LC,VOCWB_I,Laboratory
LBDVC6LC,VOCWBS_I,Laboratory
LBDVCBLC,VOCWB_I,Laboratory
LBDVCBLC,VOCWBS_I,Laboratory
LBDVCFLC,VOCWB_I,Laboratory
LBDVCFLC,VOCWBS_I,Laboratory
LBDVCMLC,VOCWB_I,Laboratory
LBDVCMLC,VOCWBS_I,Laboratory
LBDVCTLC,VOCWB_I,Laboratory
LBDVCTLC,VOCWBS_I,Laboratory
LBDVDBLC,VOCWB_I,Laboratory
LBDVDBLC,VOCWBS_I,Laboratory
LBDVDELC,VOCWB_I,Laboratory
LBDVDELC,VOCWBS_I,Laboratory
LBDVDXLC,VOCWB_I,Laboratory
LBDVDXLC,VOCWBS_I,Laboratory
LBDVEBLC,VOCWB_I,Laboratory
LBDVEBLC,VOCWBS_I,Laboratory
LBDVECLC,VOCWB_I,Laboratory
LBDVECLC,VOCWBS_I,Laboratory
LBDVEELC,VOCWB_I,Laboratory
LBDVEELC,VOCWBS_I,Laboratory
LBDVFNLC,VOCWB_I,Laboratory
LBDVFNLC,VOCWBS_I,Laboratory
LBDVFTLC,VOCWB_I,Laboratory
LBDVFTLC,VOCWBS_I,Laboratory
LBDVHTLC,VOCWB_I,Laboratory
LBDVHTLC,VOCWBS_I,Laboratory
LBDVIBLC,VOCWB_I,Laboratory
LBDVIBLC,VOCWBS_I,Laboratory
LBDVIPLC,VOCWB_I,Laboratory
LBDVIPLC,VOCWBS_I,Laboratory
LBDVMCLC,VOCWB_I,Laboratory
LBDVMCLC,VOCWBS_I,Laboratory
LBDVMELC,VOCWB_I,Laboratory
LBDVMELC,VOCWBS_I,Laboratory
LBDVMPLC,VOCWB_I,Laboratory
LBDVMPLC,VOCWBS_I,Laboratory
LBDVNBLC,VOCWB_I,Laboratory
LBDVNBLC,VOCWBS_I,Laboratory
LBDVOXLC,VOCWB_I,Laboratory
LBDVOXLC,VOCWBS_I,Laboratory
LBDVTCLC,VOCWB_I,Laboratory
LBDVTCLC,VOCWBS_I,Laboratory
LBDVTELC,VOCWB_I,Laboratory
LBDVTELC,VOCWBS_I,Laboratory
LBDVTOLC,VOCWB_I,Laboratory
LBDVTOLC,VOCWBS_I,Laboratory
LBDVTPLC,VOCWB_I,Laboratory
LBDVTPLC,VOCWBS_I,Laboratory
LBDVVBLC,VOCWB_I,Laboratory
LBDVVBLC,VOCWBS_I,Laboratory
LBDVXYLC,VOCWB_I,Laboratory
LBDVXYLC,VOCWBS_I,Laboratory
LBDVZBLC,VOCWB_I,Laboratory
LBDVZBLC,VOCWBS_I,Laboratory
LBDWFL,FLDEW_I,Laboratory
LBX2DF,VOCWB_I,Laboratory
LBX2DF,VOCWBS_I,Laboratory
LBX4CE,VOCWB_I,Laboratory
LBX4CE,VOCWBS_I,Laboratory
LBXBCD,PBCD_I,Laboratory
LBXBCO,CRCO_I,Laboratory
LBXBCR,CRCO_I,Laboratory
LBXBGE,IHGEM_I,Laboratory
LBXBGM,IHGEM_I,Laboratory
LBXBMN,PBCD_I,Laboratory
LBXBPB,PBCD_I,Laboratory
LBXBSE,PBCD_I,Laboratory
LBXCOT,COT_I,Laboratory
LBXEOPCT,CBC_I,Laboratory
LBXEST,TST_I,Laboratory
LBXGH,GHB_I,Laboratory
LBXGLT,OGTT_I,Laboratory
LBXGLU,GLU_I,Laboratory
LBXHBC,HEPBD_I,Laboratory
LBXHBS,HEPB_S_I,Laboratory
LBXHCG,HEPC_I,Laboratory
LBXHCR,HEPC_I,Laboratory
LBXHCT,CBC_I,Laboratory
LBXHCT,COT_I,Laboratory
LBXHE1,HSV_I,Laboratory
LBXHE2,HSV_I,Laboratory
LBXHGB,CBC_I,Laboratory
LBXHIV1,HIV_I,Laboratory
LBXHIV2,HIV_I,Laboratory
LBXHIVC,HIV_I,Laboratory
LBXHP2C,HPVSWC_I,Laboratory
LBXIHG,IHGEM_I,Laboratory
LBXIN,INS_I,Laboratory
LBXLYPCT,CBC_I,Laboratory
LBXMCH,CBC_I,Laboratory
LBXMCHSI,CBC_I,Laboratory
LBXMCVSI,CBC_I,Laboratory
LBXMFOS,PFAS_I,Laboratory
LBXMOPCT,CBC_I,Laboratory
LBXMPSI,CBC_I,Laboratory
LBXNEPCT,CBC_I,Laboratory
LBXNFOS,PFAS_I,Laboratory
LBXPFDE,PFAS_I,Laboratory
LBXPFDO,PFAS_I,Laboratory
LBXPFHS,PFAS_I,Laboratory
LBXPLTSI,CBC_I,Laboratory
LBXRBCSI,CBC_I,Laboratory
LBXRDW,CBC_I,Laboratory
LBXSBU,BIOPRO_I,Laboratory
LBXSC3SI,BIOPRO_I,Laboratory
LBXSCH,BIOPRO_I,Laboratory
LBXSCK,BIOPRO_I,Laboratory
LBXSCLSI,BIOPRO_I,Laboratory
LBXSCR,BIOPRO_I,Laboratory
LBXSCU,CUSEZN_I,Laboratory
LBXSF1SI,FOLFMS_I,Laboratory
LBXSF2SI,FOLFMS_I,Laboratory
LBXSF3SI,FOLFMS_I,Laboratory
LBXSF4SI,FOLFMS_I,Laboratory
LBXSF5SI,FOLFMS_I,Laboratory
LBXSF6SI,FOLFMS_I,Laboratory
LBXSGB,BIOPRO_I,Laboratory
LBXSGL,BIOPRO_I,Laboratory
LBXSGTSI,BIOPRO_I,Laboratory
LBXSHBG,TST_I,Laboratory
LBXSIR,BIOPRO_I,Laboratory
LBXSKSI,BIOPRO_I,Laboratory
LBXSLDSI,BIOPRO_I,Laboratory
LBXSOSSI,BIOPRO_I,Laboratory
LBXSPH,BIOPRO_I,Laboratory
LBXSSE,CUSEZN_I,Laboratory
LBXSTB,BIOPRO_I,Laboratory
LBXSTP,BIOPRO_I,Laboratory
LBXSTR,BIOPRO_I,Laboratory
LBXSZN,CUSEZN_I,Laboratory
LBXTC,TCHOL_I,Laboratory
LBXTHG,PBCD_I,Laboratory
LBXTR,TRIGLY_I,Laboratory
LBXTST,TST_I,Laboratory
LBXV06,VOCWB_I,Laboratory
LBXV06,VOCWBS_I,Laboratory
LBXV07N,VOCWB_I,Laboratory
LBXV07N,VOCWBS_I,Laboratory
LBXV08N,VOCWB_I,Laboratory
LBXV08N,VOCWBS_I,Laboratory
LBXV1D,VOCWB_I,Laboratory
LBXV1D,VOCWBS_I,Laboratory
LBXV3B,VOCWB_I,Laboratory
LBXV3B,VOCWBS_I,Laboratory
LBXV4C,VOCWB_I,Laboratory
LBXV4C,VOCWBS_I,Laboratory
LBXVBF,VOCWB_I,Laboratory
LBXVBF,VOCWBS_I,Laboratory
LBXVBM,VOCWB_I,Laboratory
LBXVBM,VOCWBS_I,Laboratory
LBXVBZ,VOCWB_I,Laboratory
LBXVBZ,VOCWBS_I,Laboratory
LBXVBZN,VOCWB_I,Laboratory
LBXVBZN,VOCWBS_I,Laboratory
LBXVC6,VOCWB_I,Laboratory
LBXVC6,VOCWBS_I,Laboratory
LBXVCB,VOCWB_I,Laboratory
LBXVCB,VOCWBS_I,Laboratory
LBXVCF,VOCWB_I,Laboratory
LBXVCF,VOCWBS_I,Laboratory
LBXVCM,VOCWB_I,Laboratory
LBXVCM,VOCWBS_I,Laboratory
LBXVCT,VOCWB_I,Laboratory
LBXVCT,VOCWBS_I,Laboratory
LBXVDB,VOCWB_I,Laboratory
LBXVDB,VOCWBS_I,Laboratory
LBXVDE,VOCWB_I,Laboratory
LBXVDE,VOCWBS_I,Laboratory
LBXVDEE,VOCWB_I,Laboratory
LBXVDEE,VOCWBS_I,Laboratory
LBXVDX,VOCWB_I,Laboratory
LBXVDX,VOCWBS_I,Laboratory
LBXVEB,VOCWB_I,Laboratory
LBXVEB,VOCWBS_I,Laboratory
LBXVEC,VOCWB_I,Laboratory
LBXVEC,VOCWBS_I,Laboratory
LBXVFN,VOCWB_I,Laboratory
LBXVFN,VOCWBS_I,Laboratory
LBXVIBN,VOCWB_I,Laboratory
LBXVIBN,VOCWBS_I,Laboratory
LBXVIPB,VOCWB_I,Laboratory
LBXVIPB,VOCWBS_I,Laboratory
LBXVMC,VOCWB_I,Laboratory
LBXVMC,VOCWBS_I,Laboratory
LBXVMCP,VOCWB_I,Laboratory
LBXVMCP,VOCWBS_I,Laboratory
LBXVME,VOCWB_I,Laboratory
LBXVME,VOCWBS_I,Laboratory
LBXVNB,VOCWB_I,Laboratory
LBXVNB,VOCWBS_I,Laboratory
LBXVOX,VOCWB_I,Laboratory
LBXVOX,VOCWBS_I,Laboratory
LBXVTC,VOCWB_I,Laboratory
LBXVTC,VOCWBS_I,Laboratory
LBXVTE,VOCWB_I,Laboratory
LBXVTE,VOCWBS_I,Laboratory
LBXVTFT,VOCWB_I,Laboratory
LBXVTFT,VOCWBS_I,Laboratory
LBXVTHF,VOCWB_I,Laboratory
LBXVTHF,VOCWBS_I,Laboratory
LBXVTO,VOCWB_I,Laboratory
LBXVTO,VOCWBS_I,Laboratory
LBXVTP,VOCWB_I,Laboratory
LBXVTP,VOCWBS_I,Laboratory
LBXVVB,VOCWB_I,Laboratory
LBXVVB,VOCWBS_I,Laboratory
LBXVXY,VOCWB_I,Laboratory
LBXVXY,VOCWBS_I,Laboratory
LBXWBCSI,CBC_I,Laboratory
MCQ160b,MCQ_I,Questionnaire
MCQ180b,MCQ_I,Questionnaire
MCQ230b,MCQ_I,Questionnaire
MCQ240b,MCQ_I,Questionnaire
MCQ240bb,MCQ_I,Questionnaire
MCQ300b,MCQ_I,Questionnaire
MCQ365b,MCQ_I,Questionnaire
MCQ370b,MCQ_I,Questionnaire
OHQ780B,OHQ_I,Questionnaire
PFQ061B,PFQ_I,Questionnaire
PFQ063B,PFQ_I,Questionnaire
RHQ542B,RHQ_I,Questionnaire
SMD100BR,SMQ_I,Questionnaire
SMQ665B,SMQ_I,Questionnaire
SMQ690B,SMQRTU_I,Questionnaire
URDBP3LC,EPHPP_I,Laboratory
URDBPFLC,EPHPP_I,Laboratory
URDBPHLC,EPHPP_I,Laboratory
URDBPMLC,UVOC_I,Laboratory
URDBPMLC,UVOCS_I,Laboratory
URDBPSLC,EPHPP_I,Laboratory
URDBUPLC,EPHPP_I,Laboratory
URDDCBLC,EPHPP_I,Laboratory
URDDHBLC,UVOC_I,Laboratory
URDDHBLC,UVOCS_I,Laboratory
URDEPBLC,EPHPP_I,Laboratory
URDHIBLC,PHTHTE_I,Laboratory
URDMB1LC,UVOC_I,Laboratory
URDMB1LC,UVOCS_I,Laboratory
URDMB2LC,UVOC_I,Laboratory
URDMB2LC,UVOCS_I,Laboratory
URDMB3LC,UVOC_I,Laboratory
URDMB3LC,UVOCS_I,Laboratory
URDMBPLC,PHTHTE_I,Laboratory
URDMHBLC,PHTHTE_I,Laboratory
URDMIBLC,PHTHTE_I,Laboratory
URDMPBLC,EPHPP_I,Laboratory
URDPPBLC,EPHPP_I,Laboratory
URDUPBLC,UMS_I,Laboratory
URDUPBLC,UM_I,Laboratory
URDUSBLC,UMS_I,Laboratory
URDUSBLC,UM_I,Laboratory
URXBP3,EPHPP_I,Laboratory
URXBPF,EPHPP_I,Laboratory
URXBPH,EPHPP_I,Laboratory
URXBPM,UVOC_I,Laboratory
URXBPM,UVOCS_I,Laboratory
URXBPS,EPHPP_I,Laboratory
URXBUP,EPHPP_I,Laboratory
URXDCB,EPHPP_I,Laboratory
URXDHB,UVOC_I,Laboratory
URXDHB,UVOCS_I,Laboratory
URXEPB,EPHPP_I,Laboratory
URXHIBP,PHTHTE_I,Laboratory
URXMB1,UVOC_I,Laboratory
URXMB1,UVOCS_I,Laboratory
URXMB2,UVOC_I,Laboratory
URXMB2,UVOCS_I,Laboratory
URXMB3,UVOC_I,Laboratory
URXMB3,UVOCS_I,Laboratory
URXMBP,PHTHTE_I,Laboratory
URXMHBP,PHTHTE_I,Laboratory
URXMIB,PHTHTE_I,Laboratory
URXMPB,EPHPP_I,Laboratory
URXPPB,EPHPP_I,Laboratory
URXUPB,UMS_I,Laboratory
URXUPB,UM_I,Laboratory
URXUSB,UMS_I,Laboratory
URXUSB,UM_I,Laboratory
WHD080B,WHQ_I,Questionnaire
WTSB2YR,SSMHHT_I,Laboratory
WTSB2YR,PHTHTE_I,Laboratory
WTSB2YR,PFAS_I,Laboratory
WTSB2YR,EPHPP_I,Laboratory
WTSB2YR,SSNEON_I,Laboratory
CDQ001,CDQ_I,Questionnaire
CDQ002,CDQ_I,Questionnaire
CDQ003,CDQ_I,Questionnaire
CDQ004,CDQ_I,Questionnaire
CDQ005,CDQ_I,Questionnaire
CDQ006,CDQ_I,Questionnaire
CDQ008,CDQ_I,Questionnaire
CDQ009C,CDQ_I,Questionnaire
CDQ009D,CDQ_I,Questionnaire
CDQ009E,CDQ_I,Questionnaire
CDQ009F,CDQ_I,Questionnaire
CDQ009G,CDQ_I,Questionnaire
CDQ009H,CDQ_I,Questionnaire
CDQ010,CDQ_I,Questionnaire
DEQ034C,DEQ_I,Questionnaire
DIQ175C,DIQ_I,Questionnaire
DMDCITZN,DEMO_I,Demographics
DMDEDUC2,DEMO_I,Demographics
DMDEDUC3,DEMO_I,Demographics
DR1CCMNM,DR1IFF_I,Dietary
DR1CCMTX,DR1IFF_I,Dietary
DR1ICHL,DR1IFF_I,Dietary
DR1ICHOL,DR1IFF_I,Dietary
DR1ICOPP,DR1IFF_I,Dietary
DR1ICRYP,DR1IFF_I,Dietary
DR1IFDCD,DR1IFF_I,Dietary
DR1ILYCO,DR1IFF_I,Dietary
DR1IVC,DR1IFF_I,Dietary
DR1IZINC,DR1IFF_I,Dietary
DR1TCHL,DR1TOT_I,Dietary
DR1TCHOL,DR1TOT_I,Dietary
DR1TCOPP,DR1TOT_I,Dietary
DR1TCRYP,DR1TOT_I,Dietary
DR1TLYCO,DR1TOT_I,Dietary
DR1TVC,DR1TOT_I,Dietary
DR1TZINC,DR1TOT_I,Dietary
DR2CCMNM,DR2IFF_I,Dietary
DR2CCMTX,DR2IFF_I,Dietary
DR2ICHL,DR2IFF_I,Dietary
DR2ICHOL,DR2IFF_I,Dietary
DR2ICOPP,DR2IFF_I,Dietary
DR2ICRYP,DR2IFF_I,Dietary
DR2IFDCD,DR2IFF_I,Dietary
DR2ILYCO,DR2IFF_I,Dietary
DR2IVC,DR2IFF_I,Dietary
DR2IZINC,DR2IFF_I,Dietary
DR2TCHL,DR2TOT_I,Dietary
DR2TCHOL,DR2TOT_I,Dietary
DR2TCOPP,DR2TOT_I,Dietary
DR2TCRYP,DR2TOT_I,Dietary
DR2TLYCO,DR2TOT_I,Dietary
DR2TVC,DR2TOT_I,Dietary
DR2TZINC,DR2TOT_I,Dietary
DRD350C,DR1TOT_I,Dietary
DRD350CQ,DR1TOT_I,Dietary
DRD370C,DR1TOT_I,Dietary
DRD370CQ,DR1TOT_I,Dietary
DUQ380C,DUQ_I,Questionnaire
ECD010,ECQ_I,Questionnaire
ECQ020,ECQ_I,Questionnaire
ECQ080,ECQ_I,Questionnaire
ECQ090,ECQ_I,Questionnaire
ECQ150,ECQ_I,Questionnaire
FCX02DI,FLXCLN_I,Examination
FCX03DI,FLXCLN_I,Examination
FCX04DI,FLXCLN_I,Examination
FCX05DI,FLXCLN_I,Examination
FCX06DI,FLXCLN_I,Examination
FCX07DI,FLXCLN_I,Examination
FCX08DI,FLXCLN_I,Examination
FCX09DI,FLXCLN_I,Examination
FCX10DI,FLXCLN_I,Examination
FCX11DI,FLXCLN_I,Examination
FCX12DI,FLXCLN_I,Examination
FCX13DI,FLXCLN_I,Examination
FCX14DI,FLXCLN_I,Examination
FCX15DI,FLXCLN_I,Examination
FCX18DI,FLXCLN_I,Examination
FCX19DI,FLXCLN_I,Examination
FCX20DI,FLXCLN_I,Examination
FCX21DI,FLXCLN_I,Examination
FCX22DI,FLXCLN_I,Examination
FCX23DI,FLXCLN_I,Examination
FCX24DI,FLXCLN_I,Examination
FCX25DI,FLXCLN_I,Examination
FCX26DI,FLXCLN_I,Examination
FCX27DI,FLXCLN_I,Examination
FCX28DI,FLXCLN_I,Examination
FCX29DI,FLXCLN_I,Examination
FCX30DI,FLXCLN_I,Examination
FCX31DI,FLXCLN_I,Examination
GTDCODE,OGTT_I,Laboratory
GTDSCMMN,OGTT_I,Laboratory
HIQ031C,HIQ_I,Questionnaire
INDFMMPC,INQ_I,Questionnaire
MCD093,MCQ_I,Questionnaire
MCQ010,MCQ_I,Questionnaire
MCQ025,MCQ_I,Questionnaire
MCQ035,MCQ_I,Questionnaire
MCQ040,MCQ_I,Questionnaire
MCQ050,MCQ_I,Questionnaire
MCQ053,MCQ_I,Questionnaire
MCQ080,MCQ_I,Questionnaire
MCQ080E,ECQ_I,Questionnaire
MCQ092,MCQ_I,Questionnaire
MCQ149,MCQ_I,Questionnaire
MCQ151,MCQ_I,Questionnaire
MCQ160c,MCQ_I,Questionnaire
MCQ160d,MCQ_I,Questionnaire
MCQ160e,MCQ_I,Questionnaire
MCQ160f,MCQ_I,Questionnaire
MCQ160g,MCQ_I,Questionnaire
MCQ160k,MCQ_I,Questionnaire
MCQ160l,MCQ_I,Questionnaire
MCQ160m,MCQ_I,Questionnaire
MCQ160n,MCQ_I,Questionnaire
MCQ160o,MCQ_I,Questionnaire
MCQ170k,MCQ_I,Questionnaire
MCQ170l,MCQ_I,Questionnaire
MCQ170m,MCQ_I,Questionnaire
MCQ180c,MCQ_I,Questionnaire
MCQ180d,MCQ_I,Questionnaire
MCQ180e,MCQ_I,Questionnaire
MCQ180f,MCQ_I,Questionnaire
MCQ180g,MCQ_I,Questionnaire
MCQ180k,MCQ_I,Questionnaire
MCQ180l,MCQ_I,Questionnaire
MCQ180m,MCQ_I,Questionnaire
MCQ180n,MCQ_I,Questionnaire
MCQ195,MCQ_I,Questionnaire
MCQ203,MCQ_I,Questionnaire
MCQ206,MCQ_I,Questionnaire
MCQ220,MCQ_I,Questionnaire
MCQ230c,MCQ_I,Questionnaire
MCQ230d,MCQ_I,Questionnaire
MCQ240c,MCQ_I,Questionnaire
MCQ240cc,MCQ_I,Questionnaire
MCQ240d,MCQ_I,Questionnaire
MCQ240dd,MCQ_I,Questionnaire
MCQ240dk,MCQ_I,Questionnaire
MCQ240e,MCQ_I,Questionnaire
MCQ240f,MCQ_I,Questionnaire
MCQ240g,MCQ_I,Questionnaire
MCQ240h,MCQ_I,Questionnaire
MCQ240i,MCQ_I,Questionnaire
MCQ240j,MCQ_I,Questionnaire
MCQ240k,MCQ_I,Questionnaire
MCQ240l,MCQ_I,Questionnaire
MCQ240m,MCQ_I,Questionnaire
MCQ240n,MCQ_I,Questionnaire
MCQ240o,MCQ_I,Questionnaire
MCQ240p,MCQ_I,Questionnaire
MCQ240q,MCQ_I,Questionnaire
MCQ240r,MCQ_I,Questionnaire
MCQ240s,MCQ_I,Questionnaire
MCQ240t,MCQ_I,Questionnaire
MCQ240u,MCQ_I,Questionnaire
MCQ240v,MCQ_I,Questionnaire
MCQ240w,MCQ_I,Questionnaire
MCQ240x,MCQ_I,Questionnaire
MCQ240y,MCQ_I,Questionnaire
MCQ240z,MCQ_I,Questionnaire
MCQ300c,MCQ_I,Questionnaire
MCQ365c,MCQ_I,Questionnaire
MCQ365d,MCQ_I,Questionnaire
MCQ370c,MCQ_I,Questionnaire
MCQ370d,MCQ_I,Questionnaire
OCD150,OCQ_I,Questionnaire
OCD270,OCQ_I,Questionnaire
OCD390G,OCQ_I,Questionnaire
OCD395,OCQ_I,Questionnaire
OCQ180,OCQ_I,Questionnaire
OCQ210,OCQ_I,Questionnaire
OCQ260,OCQ_I,Questionnaire
OCQ380,OCQ_I,Questionnaire
OCQ600,OCQ_I,Questionnaire
OCQ610,OCQ_I,Questionnaire
OCQ630,OCQ_I,Questionnaire
OCQ640,OCQ_I,Questionnaire
OCQ660,OCQ_I,Questionnaire
OHDRCSTS,OHXREF_I,Examination
OHQ780C,OHQ_I,Questionnaire
OHX01TC,OHXDEN_I,Examination
OHX02CSC,OHXDEN_I,Examination
OHX02CTC,OHXDEN_I,Examination
OHX02TC,OHXDEN_I,Examination
OHX03CSC,OHXDEN_I,Examination
OHX03CTC,OHXDEN_I,Examination
OHX03TC,OHXDEN_I,Examination
OHX04CSC,OHXDEN_I,Examination
OHX04CTC,OHXDEN_I,Examination
OHX04TC,OHXDEN_I,Examination
OHX05CSC,OHXDEN_I,Examination
OHX05CTC,OHXDEN_I,Examination
OHX05TC,OHXDEN_I,Examination
OHX06CSC,OHXDEN_I,Examination
OHX06CTC,OHXDEN_I,Examination
OHX06TC,OHXDEN_I,Examination
OHX07CSC,OHXDEN_I,Examination
OHX07CTC,OHXDEN_I,Examination
OHX07TC,OHXDEN_I,Examination
OHX08CSC,OHXDEN_I,Examination
OHX08CTC,OHXDEN_I,Examination
OHX08TC,OHXDEN_I,Examination
OHX09CSC,OHXDEN_I,Examination
OHX09CTC,OHXDEN_I,Examination
OHX09TC,OHXDEN_I,Examination
OHX10CSC,OHXDEN_I,Examination
OHX10CTC,OHXDEN_I,Examination
OHX10TC,OHXDEN_I,Examination
OHX11CSC,OHXDEN_I,Examination
OHX11CTC,OHXDEN_I,Examination
OHX11TC,OHXDEN_I,Examination
OHX12CSC,OHXDEN_I,Examination
OHX12CTC,OHXDEN_I,Examination
OHX12TC,OHXDEN_I,Examination
OHX13CSC,OHXDEN_I,Examination
OHX13CTC,OHXDEN_I,Examination
OHX13TC,OHXDEN_I,Examination
OHX14CSC,OHXDEN_I,Examination
OHX14CTC,OHXDEN_I,Examination
OHX14TC,OHXDEN_I,Examination
OHX15CSC,OHXDEN_I,Examination
OHX15CTC,OHXDEN_I,Examination
OHX15TC,OHXDEN_I,Examination
OHX16TC,OHXDEN_I,Examination
OHX17TC,OHXDEN_I,Examination
OHX18CSC,OHXDEN_I,Examination
OHX18CTC,OHXDEN_I,Examination
OHX18TC,OHXDEN_I,Examination
OHX19CSC,OHXDEN_I,Examination
OHX19CTC,OHXDEN_I,Examination
OHX19TC,OHXDEN_I,Examination
OHX20CSC,OHXDEN_I,Examination
OHX20CTC,OHXDEN_I,Examination
OHX20TC,OHXDEN_I,Examination
OHX21CSC,OHXDEN_I,Examination
OHX21CTC,OHXDEN_I,Examination
OHX21TC,OHXDEN_I,Examination
OHX22CSC,OHXDEN_I,Examination
OHX22CTC,OHXDEN_I,Examination
OHX22TC,OHXDEN_I,Examination
OHX23CSC,OHXDEN_I,Examination
OHX23CTC,OHXDEN_I,Examination
OHX23TC,OHXDEN_I,Examination
OHX24CSC,OHXDEN_I,Examination
OHX24CTC,OHXDEN_I,Examination
OHX24TC,OHXDEN_I,Examination
OHX25CSC,OHXDEN_I,Examination
OHX25CTC,OHXDEN_I,Examination
OHX25TC,OHXDEN_I,Examination
OHX26CSC,OHXDEN_I,Examination
OHX26CTC,OHXDEN_I,Examination
OHX26TC,OHXDEN_I,Examination
OHX27CSC,OHXDEN_I,Examination
OHX27CTC,OHXDEN_I,Examination
OHX27TC,OHXDEN_I,Examination
OHX28CSC,OHXDEN_I,Examination
OHX28CTC,OHXDEN_I,Examination
OHX28TC,OHXDEN_I,Examination
OHX29CSC,OHXDEN_I,Examination
OHX29CTC,OHXDEN_I,Examination
OHX29TC,OHXDEN_I,Examination
OHX30CSC,OHXDEN_I,Examination
OHX30CTC,OHXDEN_I,Examination
OHX30TC,OHXDEN_I,Examination
OHX31CSC,OHXDEN_I,Examination
OHX31CTC,OHXDEN_I,Examination
OHX31TC,OHXDEN_I,Examination
OHX32TC,OHXDEN_I,Examination
ORXHPC,ORHPV_I,Laboratory
PFQ061C,PFQ_I,Questionnaire
PFQ063C,PFQ_I,Questionnaire
RHQ542C,RHQ_I,Questionnaire
RXDCOUNT,RXQ_RX_I,Questionnaire
RXDRSC1,RXQ_RX_I,Questionnaire
RXDRSC2,RXQ_RX_I,Questionnaire
RXDRSC3,RXQ_RX_I,Questionnaire
SMD100CO,SMQ_I,Questionnaire
SMQ665C,SMQ_I,Questionnaire
SMQ690C,SMQRTU_I,Questionnaire
SSCLOT,SSNEON_I,Laboratory
SSCLOTLC,SSNEON_I,Laboratory
SSECPT,SSMHHT_I,Laboratory
SSECPTL,SSMHHT_I,Laboratory
SSIMIDLC,SSNEON_I,Laboratory
SSOHIMLC,SSNEON_I,Laboratory
URD14DLC,EPHPP_I,Laboratory
URD1DCLC,UVOC_I,Laboratory
URD1DCLC,UVOCS_I,Laboratory
URD2DCLC,UVOC_I,Laboratory
URD2DCLC,UVOCS_I,Laboratory
URD2MHLC,UVOC_I,Laboratory
URD2MHLC,UVOCS_I,Laboratory
URD34MLC,UVOC_I,Laboratory
URD34MLC,UVOCS_I,Laboratory
URDCEMLC,UVOC_I,Laboratory
URDCEMLC,UVOCS_I,Laboratory
URDCNPLC,PHTHTE_I,Laboratory
URDCOPLC,PHTHTE_I,Laboratory
URDCYMLC,UVOC_I,Laboratory
URDCYMLC,UVOCS_I,Laboratory
URDDPMLC,UVOC_I,Laboratory
URDDPMLC,UVOCS_I,Laboratory
URDECPLC,PHTHTE_I,Laboratory
URDHEMLC,UVOC_I,Laboratory
URDHEMLC,UVOCS_I,Laboratory
URDHP2LC,UVOC_I,Laboratory
URDHP2LC,UVOCS_I,Laboratory
URDHPMLC,UVOC_I,Laboratory
URDHPMLC,UVOCS_I,Laboratory
URDMC1LC,PHTHTE_I,Laboratory
URDMCHLC,PHTHTE_I,Laboratory
URDMCOLC,PHTHTE_I,Laboratory
URDMEPLC,PHTHTE_I,Laboratory
URDMHHLC,PHTHTE_I,Laboratory
URDMHPLC,PHTHTE_I,Laboratory
URDMNPLC,PHTHTE_I,Laboratory
URDMOHLC,PHTHTE_I,Laboratory
URDMZPLC,PHTHTE_I,Laboratory
URDPHELC,UVOC_I,Laboratory
URDPHELC,UVOCS_I,Laboratory
URDPHGLC,UVOC_I,Laboratory
URDPHGLC,UVOCS_I,Laboratory
URDPM1LC,UVOC_I,Laboratory
URDPM1LC,UVOCS_I,Laboratory
URDPM3LC,UVOC_I,Laboratory
URDPM3LC,UVOCS_I,Laboratory
URDPMMLC,UVOC_I,Laboratory
URDPMMLC,UVOCS_I,Laboratory
URDTCVLC,UVOC_I,Laboratory
URDTCVLC,UVOCS_I,Laboratory
URDTLCLC,EPHPP_I,Laboratory
URDTRSLC,EPHPP_I,Laboratory
URDUCDLC,UMS_I,Laboratory
URDUCDLC,UM_I,Laboratory
URDUCOLC,UMS_I,Laboratory
URDUCOLC,UM_I,Laboratory
URDUCRLC,ALB_CR_I,Laboratory
URDUCSLC,UMS_I,Laboratory
URDUCSLC,UM_I,Laboratory
URDUHGLC,UHG_I,Laboratory
URDUIOLC,UIO_I,Laboratory
URDUMNLC,UMS_I,Laboratory
URDUMNLC,UM_I,Laboratory
URDUMOLC,UMS_I,Laboratory
URDUMOLC,UM_I,Laboratory
URDUSNLC,UMS_I,Laboratory
URDUSNLC,UM_I,Laboratory
URDUSRLC,UMS_I,Laboratory
URDUSRLC,UM_I,Laboratory
URDUTLLC,UMS_I,Laboratory
URDUTLLC,UM_I,Laboratory
URDUTULC,UMS_I,Laboratory
URDUTULC,UM_I,Laboratory
URDUURLC,UMS_I,Laboratory
URDUURLC,UM_I,Laboratory
URX1DC,UVOC_I,Laboratory
URX1DC,UVOCS_I,Laboratory
URX2DC,UVOC_I,Laboratory
URX2DC,UVOCS_I,Laboratory
URXCEM,UVOC_I,Laboratory
URXCEM,UVOCS_I,Laboratory
URXCNP,PHTHTE_I,Laboratory
URXCOP,PHTHTE_I,Laboratory
URXCRS,ALB_CR_I,Laboratory
URXCYM,UVOC_I,Laboratory
URXCYM,UVOCS_I,Laboratory
URXECP,PHTHTE_I,Laboratory
URXMC1,PHTHTE_I,Laboratory
URXMCOH,PHTHTE_I,Laboratory
URXMHNC,PHTHTE_I,Laboratory
URXTCV,UVOC_I,Laboratory
URXTCV,UVOCS_I,Laboratory
URXTLC,EPHPP_I,Laboratory
URXUCD,UMS_I,Laboratory
URXUCD,UM_I,Laboratory
URXUCL,CHLMDA_I,Laboratory
URXUCO,UMS_I,Laboratory
URXUCO,UM_I,Laboratory
URXUCR,ALB_CR_I,Laboratory
URXUCS,UMS_I,Laboratory
URXUCS,UM_I,Laboratory
WHD080C,WHQ_I,Questionnaire
WTMEC2YR,DEMO_I,Demographics
WTSVOC2Y,VOCWB_I,Laboratory
DED031,DEQ_I,Questionnaire
DED120,DEQ_I,Questionnaire
DED125,DEQ_I,Questionnaire
DEQ034D,DEQ_I,Questionnaire
DEQ038G,DEQ_I,Questionnaire
DEQ038Q,DEQ_I,Questionnaire
DID040,DIQ_I,Questionnaire
DID060,DIQ_I,Questionnaire
DID250,DIQ_I,Questionnaire
DID260,DIQ_I,Questionnaire
DID310D,DIQ_I,Questionnaire
DID310S,DIQ_I,Questionnaire
DID320,DIQ_I,Questionnaire
DID330,DIQ_I,Questionnaire
DID341,DIQ_I,Questionnaire
DID350,DIQ_I,Questionnaire
DIQ010,DIQ_I,Questionnaire
DIQ050,DIQ_I,Questionnaire
DIQ060U,DIQ_I,Questionnaire
DIQ070,DIQ_I,Questionnaire
DIQ080,DIQ_I,Questionnaire
DIQ160,DIQ_I,Questionnaire
DIQ170,DIQ_I,Questionnaire
DIQ172,DIQ_I,Questionnaire
DIQ175D,DIQ_I,Questionnaire
DIQ175E,DIQ_I,Questionnaire
DIQ175F,DIQ_I,Questionnaire
DIQ175G,DIQ_I,Questionnaire
DIQ175H,DIQ_I,Questionnaire
DIQ175I,DIQ_I,Questionnaire
DIQ175J,DIQ_I,Questionnaire
DIQ175K,DIQ_I,Questionnaire
DIQ175L,DIQ_I,Questionnaire
DIQ175M,DIQ_I,Questionnaire
DIQ175N,DIQ_I,Questionnaire
DIQ175O,DIQ_I,Questionnaire
DIQ175P,DIQ_I,Questionnaire
DIQ175Q,DIQ_I,Questionnaire
DIQ175R,DIQ_I,Questionnaire
DIQ175S,DIQ_I,Questionnaire
DIQ175T,DIQ_I,Questionnaire
DIQ175U,DIQ_I,Questionnaire
DIQ175V,DIQ_I,Questionnaire
DIQ175W,DIQ_I,Questionnaire
DIQ175X,DIQ_I,Questionnaire
DIQ180,DIQ_I,Questionnaire
DIQ230,DIQ_I,Questionnaire
DIQ240,DIQ_I,Questionnaire
DIQ260U,DIQ_I,Questionnaire
DIQ275,DIQ_I,Questionnaire
DIQ280,DIQ_I,Questionnaire
DIQ291,DIQ_I,Questionnaire
DIQ300D,DIQ_I,Questionnaire
DIQ300S,DIQ_I,Questionnaire
DIQ350U,DIQ_I,Questionnaire
DIQ360,DIQ_I,Questionnaire
DLQ010,DLQ_I,Questionnaire
DLQ020,DLQ_I,Questionnaire
DLQ040,DLQ_I,Questionnaire
DLQ050,DLQ_I,Questionnaire
DLQ060,DLQ_I,Questionnaire
DLQ080,DLQ_I,Questionnaire
DLQ100,DLQ_I,Questionnaire
DLQ110,DLQ_I,Questionnaire
DLQ130,DLQ_I,Questionnaire
DLQ140,DLQ_I,Questionnaire
DLQ150,DLQ_I,Questionnaire
DLQ170,DLQ_I,Questionnaire
DMDFMSIZ,DEMO_I,Demographics
DMDHHSIZ,DEMO_I,Demographics
DMDHHSZE,DEMO_I,Demographics
DMDHREDU,DEMO_I,Demographics
DMDHRGND,DEMO_I,Demographics
DMDHSEDU,DEMO_I,Demographics
DMDYRSUS,DEMO_I,Demographics
DMQMILIZ,DEMO_I,Demographics
DPQ010,DPQ_I,Questionnaire
DPQ020,DPQ_I,Questionnaire
DPQ030,DPQ_I,Questionnaire
DPQ040,DPQ_I,Questionnaire
DPQ050,DPQ_I,Questionnaire
DPQ060,DPQ_I,Questionnaire
DPQ070,DPQ_I,Questionnaire
DPQ080,DPQ_I,Questionnaire
DPQ090,DPQ_I,Questionnaire
DPQ100,DPQ_I,Questionnaire
DR1_020,DR1IFF_I,Dietary
DR1_030Z,DR1IFF_I,Dietary
DR1_040Z,DR1IFF_I,Dietary
DR1_300,DR1TOT_I,Dietary
DR1_320Z,DR1TOT_I,Dietary
DR1_330Z,DR1TOT_I,Dietary
DR1DRSTZ,DR1TOT_I,Dietary
DR1DRSTZ,DR1IFF_I,Dietary
DR1EXMER,DR1TOT_I,Dietary
DR1EXMER,DR1IFF_I,Dietary
DR1FS,DR1IFF_I,Dietary
DR1HELP,DR1TOT_I,Dietary
DR1IFDFE,DR1IFF_I,Dietary
DR1IFF,DR1IFF_I,Dietary
DR1IGRMS,DR1IFF_I,Dietary
DR1IIRON,DR1IFF_I,Dietary
DR1ILINE,DR1IFF_I,Dietary
DR1ILZ,DR1IFF_I,Dietary
DR1IM161,DR1IFF_I,Dietary
DR1IM181,DR1IFF_I,Dietary
DR1IM201,DR1IFF_I,Dietary
DR1IM221,DR1IFF_I,Dietary
DR1IMOIS,DR1IFF_I,Dietary
DR1IP182,DR1IFF_I,Dietary
DR1IP183,DR1IFF_I,Dietary
DR1IP184,DR1IFF_I,Dietary
DR1IP204,DR1IFF_I,Dietary
DR1IP205,DR1IFF_I,Dietary
DR1IP225,DR1IFF_I,Dietary
DR1IP226,DR1IFF_I,Dietary
DR1IPHOS,DR1IFF_I,Dietary
DR1IPROT,DR1IFF_I,Dietary
DR1IRET,DR1IFF_I,Dietary
DR1IS040,DR1IFF_I,Dietary
DR1IS060,DR1IFF_I,Dietary
DR1IS080,DR1IFF_I,Dietary
DR1IS100,DR1IFF_I,Dietary
DR1IS120,DR1IFF_I,Dietary
DR1IS140,DR1IFF_I,Dietary
DR1IS160,DR1IFF_I,Dietary
DR1IS180,DR1IFF_I,Dietary
DR1ISELE,DR1IFF_I,Dietary
DR1ISODI,DR1IFF_I,Dietary
DR1ISUGR,DR1IFF_I,Dietary
DR1ITHEO,DR1IFF_I,Dietary
DR1IVD,DR1IFF_I,Dietary
DR1IVK,DR1IFF_I,Dietary
DR1MRESP,DR1TOT_I,Dietary
DR1SKY,DR1TOT_I,Dietary
DR1STY,DR1TOT_I,Dietary
DR1TFDFE,DR1TOT_I,Dietary
DR1TFF,DR1TOT_I,Dietary
DR1TIRON,DR1TOT_I,Dietary
DR1TLZ,DR1TOT_I,Dietary
DR1TM161,DR1TOT_I,Dietary
DR1TM181,DR1TOT_I,Dietary
DR1TM201,DR1TOT_I,Dietary
DR1TM221,DR1TOT_I,Dietary
DR1TMOIS,DR1TOT_I,Dietary
DR1TNUMF,DR1TOT_I,Dietary
DR1TP182,DR1TOT_I,Dietary
DR1TP183,DR1TOT_I,Dietary
DR1TP184,DR1TOT_I,Dietary
DR1TP204,DR1TOT_I,Dietary
DR1TP205,DR1TOT_I,Dietary
DR1TP225,DR1TOT_I,Dietary
DR1TP226,DR1TOT_I,Dietary
DR1TPHOS,DR1TOT_I,Dietary
DR1TPROT,DR1TOT_I,Dietary
DR1TRET,DR1TOT_I,Dietary
DR1TS040,DR1TOT_I,Dietary
DR1TS060,DR1TOT_I,Dietary
DR1TS080,DR1TOT_I,Dietary
DR1TS100,DR1TOT_I,Dietary
DR1TS120,DR1TOT_I,Dietary
DR1TS140,DR1TOT_I,Dietary
DR1TS160,DR1TOT_I,Dietary
DR1TS180,DR1TOT_I,Dietary
DR1TSELE,DR1TOT_I,Dietary
DR1TSODI,DR1TOT_I,Dietary
DR1TSUGR,DR1TOT_I,Dietary
DR1TTHEO,DR1TOT_I,Dietary
DR1TVD,DR1TOT_I,Dietary
DR1TVK,DR1TOT_I,Dietary
DR1TWS,DR1TOT_I,Dietary
DR2_020,DR2IFF_I,Dietary
DR2_030Z,DR2IFF_I,Dietary
DR2_040Z,DR2IFF_I,Dietary
DR2_300,DR2TOT_I,Dietary
DR2_320Z,DR2TOT_I,Dietary
DR2_330Z,DR2TOT_I,Dietary
DR2DRSTZ,DR2TOT_I,Dietary
DR2DRSTZ,DR2IFF_I,Dietary
DR2EXMER,DR2TOT_I,Dietary
DR2EXMER,DR2IFF_I,Dietary
DR2FS,DR2IFF_I,Dietary
DR2HELP,DR2TOT_I,Dietary
DR2IFDFE,DR2IFF_I,Dietary
DR2IFF,DR2IFF_I,Dietary
DR2IGRMS,DR2IFF_I,Dietary
DR2IIRON,DR2IFF_I,Dietary
DR2ILINE,DR2IFF_I,Dietary
DR2ILZ,DR2IFF_I,Dietary
DR2IM161,DR2IFF_I,Dietary
DR2IM181,DR2IFF_I,Dietary
DR2IM201,DR2IFF_I,Dietary
DR2IM221,DR2IFF_I,Dietary
DR2IMOIS,DR2IFF_I,Dietary
DR2IP182,DR2IFF_I,Dietary
DR2IP183,DR2IFF_I,Dietary
DR2IP184,DR2IFF_I,Dietary
DR2IP204,DR2IFF_I,Dietary
DR2IP205,DR2IFF_I,Dietary
DR2IP225,DR2IFF_I,Dietary
DR2IP226,DR2IFF_I,Dietary
DR2IPHOS,DR2IFF_I,Dietary
DR2IPROT,DR2IFF_I,Dietary
DR2IRET,DR2IFF_I,Dietary
DR2IS040,DR2IFF_I,Dietary
DR2IS060,DR2IFF_I,Dietary
DR2IS080,DR2IFF_I,Dietary
DR2IS100,DR2IFF_I,Dietary
DR2IS120,DR2IFF_I,Dietary
DR2IS140,DR2IFF_I,Dietary
DR2IS160,DR2IFF_I,Dietary
DR2IS180,DR2IFF_I,Dietary
DR2ISELE,DR2IFF_I,Dietary
DR2ISODI,DR2IFF_I,Dietary
DR2ISUGR,DR2IFF_I,Dietary
DR2ITHEO,DR2IFF_I,Dietary
DR2IVD,DR2IFF_I,Dietary
DR2IVK,DR2IFF_I,Dietary
DR2MRESP,DR2TOT_I,Dietary
DR2SKY,DR2TOT_I,Dietary
DR2STY,DR2TOT_I,Dietary
DR2TFDFE,DR2TOT_I,Dietary
DR2TFF,DR2TOT_I,Dietary
DR2TIRON,DR2TOT_I,Dietary
DR2TLZ,DR2TOT_I,Dietary
DR2TM161,DR2TOT_I,Dietary
DR2TM181,DR2TOT_I,Dietary
DR2TM201,DR2TOT_I,Dietary
DR2TM221,DR2TOT_I,Dietary
DR2TMOIS,DR2TOT_I,Dietary
DR2TNUMF,DR2TOT_I,Dietary
DR2TP182,DR2TOT_I,Dietary
DR2TP183,DR2TOT_I,Dietary
DR2TP184,DR2TOT_I,Dietary
DR2TP204,DR2TOT_I,Dietary
DR2TP205,DR2TOT_I,Dietary
DR2TP225,DR2TOT_I,Dietary
DR2TP226,DR2TOT_I,Dietary
DR2TPHOS,DR2TOT_I,Dietary
DR2TPROT,DR2TOT_I,Dietary
DR2TRET,DR2TOT_I,Dietary
DR2TS040,DR2TOT_I,Dietary
DR2TS060,DR2TOT_I,Dietary
DR2TS080,DR2TOT_I,Dietary
DR2TS100,DR2TOT_I,Dietary
DR2TS120,DR2TOT_I,Dietary
DR2TS140,DR2TOT_I,Dietary
DR2TS160,DR2TOT_I,Dietary
DR2TS180,DR2TOT_I,Dietary
DR2TSELE,DR2TOT_I,Dietary
DR2TSODI,DR2TOT_I,Dietary
DR2TSUGR,DR2TOT_I,Dietary
DR2TTHEO,DR2TOT_I,Dietary
DR2TVD,DR2TOT_I,Dietary
DR2TVK,DR2TOT_I,Dietary
DR2TWS,DR2TOT_I,Dietary
DRD340,DR1TOT_I,Dietary
DRD350D,DR1TOT_I,Dietary
DRD350DQ,DR1TOT_I,Dietary
DRD350E,DR1TOT_I,Dietary
DRD350EQ,DR1TOT_I,Dietary
DRD350F,DR1TOT_I,Dietary
DRD350FQ,DR1TOT_I,Dietary
DRD350G,DR1TOT_I,Dietary
DRD350GQ,DR1TOT_I,Dietary
DRD350H,DR1TOT_I,Dietary
DRD350HQ,DR1TOT_I,Dietary
DRD350I,DR1TOT_I,Dietary
DRD350IQ,DR1TOT_I,Dietary
DRD350J,DR1TOT_I,Dietary
DRD350JQ,DR1TOT_I,Dietary
DRD350K,DR1TOT_I,Dietary
DRD360,DR1TOT_I,Dietary
DRD370D,DR1TOT_I,Dietary
DRD370DQ,DR1TOT_I,Dietary
DRD370E,DR1TOT_I,Dietary
DRD370EQ,DR1TOT_I,Dietary
DRD370F,DR1TOT_I,Dietary
DRD370FQ,DR1TOT_I,Dietary
DRD370G,DR1TOT_I,Dietary
DRD370GQ,DR1TOT_I,Dietary
DRD370H,DR1TOT_I,Dietary
DRD370HQ,DR1TOT_I,Dietary
DRD370I,DR1TOT_I,Dietary
DRD370IQ,DR1TOT_I,Dietary
DRD370J,DR1TOT_I,Dietary
DRD370JQ,DR1TOT_I,Dietary
DRD370K,DR1TOT_I,Dietary
DRD370KQ,DR1TOT_I,Dietary
DRD370L,DR1TOT_I,Dietary
DRD370LQ,DR1TOT_I,Dietary
DRD370M,DR1TOT_I,Dietary
DRD370MQ,DR1TOT_I,Dietary
DRD370N,DR1TOT_I,Dietary
DRD370NQ,DR1TOT_I,Dietary
DRD370O,DR1TOT_I,Dietary
DRD370OQ,DR1TOT_I,Dietary
DRD370P,DR1TOT_I,Dietary
DRD370PQ,DR1TOT_I,Dietary
DRD370Q,DR1TOT_I,Dietary
DRD370QQ,DR1TOT_I,Dietary
DRD370R,DR1TOT_I,Dietary
DRD370RQ,DR1TOT_I,Dietary
DRD370S,DR1TOT_I,Dietary
DRD370SQ,DR1TOT_I,Dietary
DRD370T,DR1TOT_I,Dietary
DRD370TQ,DR1TOT_I,Dietary
DRD370U,DR1TOT_I,Dietary
DRD370UQ,DR1TOT_I,Dietary
DRD370V,DR1TOT_I,Dietary
DRDINT,DR1TOT_I,Dietary
DRDINT,DR2TOT_I,Dietary
DRDINT,DR1IFF_I,Dietary
DRDINT,DR2IFF_I,Dietary
DRQSDIET,DR1TOT_I,Dietary
DRQSDT1,DR1TOT_I,Dietary
DRQSDT10,DR1TOT_I,Dietary
DRQSDT11,DR1TOT_I,Dietary
DRQSDT12,DR1TOT_I,Dietary
DRQSDT2,DR1TOT_I,Dietary
DRQSDT3,DR1TOT_I,Dietary
DRQSDT4,DR1TOT_I,Dietary
DRQSDT5,DR1TOT_I,Dietary
DRQSDT6,DR1TOT_I,Dietary
DRQSDT7,DR1TOT_I,Dietary
DRQSDT8,DR1TOT_I,Dietary
DRQSDT9,DR1TOT_I,Dietary
DRQSDT91,DR1TOT_I,Dietary
DRQSPREP,DR1TOT_I,Dietary
DUQ200,DUQ_I,Questionnaire
DUQ210,DUQ_I,Questionnaire
DUQ211,DUQ_I,Questionnaire
DUQ213,DUQ_I,Questionnaire
DUQ215Q,DUQ_I,Questionnaire
DUQ215U,DUQ_I,Questionnaire
DUQ217,DUQ_I,Questionnaire
DUQ219,DUQ_I,Questionnaire
DUQ220Q,DUQ_I,Questionnaire
DUQ220U,DUQ_I,Questionnaire
DUQ230,DUQ_I,Questionnaire
DUQ240,DUQ_I,Questionnaire
DUQ250,DUQ_I,Questionnaire
DUQ260,DUQ_I,Questionnaire
DUQ270Q,DUQ_I,Questionnaire
DUQ270U,DUQ_I,Questionnaire
DUQ272,DUQ_I,Questionnaire
DUQ280,DUQ_I,Questionnaire
DUQ290,DUQ_I,Questionnaire
DUQ300,DUQ_I,Questionnaire
DUQ310Q,DUQ_I,Questionnaire
DUQ310U,DUQ_I,Questionnaire
DUQ320,DUQ_I,Questionnaire
DUQ330,DUQ_I,Questionnaire
DUQ340,DUQ_I,Questionnaire
DUQ350Q,DUQ_I,Questionnaire
DUQ350U,DUQ_I,Questionnaire
DUQ352,DUQ_I,Questionnaire
DUQ360,DUQ_I,Questionnaire
DUQ370,DUQ_I,Questionnaire
DUQ380D,DUQ_I,Questionnaire
DUQ380E,DUQ_I,Questionnaire
DUQ390,DUQ_I,Questionnaire
DUQ400Q,DUQ_I,Questionnaire
DUQ400U,DUQ_I,Questionnaire
DUQ410,DUQ_I,Questionnaire
DUQ420,DUQ_I,Questionnaire
DUQ430,DUQ_I,Questionnaire
GTDDR1MN,OGTT_I,Laboratory
GTDDR2MN,OGTT_I,Laboratory
HIQ031D,HIQ_I,Questionnaire
HOD050,HOQ_I,Questionnaire
HSD010,HSQ_I,Questionnaire
HUD080,HUQ_I,Questionnaire
IMD080,IMQ_I,Questionnaire
IND235,INQ_I,Questionnaire
IND310,INQ_I,Questionnaire
INDFMIN2,DEMO_I,Demographics
INDFMMPI,INQ_I,Questionnaire
INDFMPIR,DEMO_I,Demographics
INDHHIN2,DEMO_I,Demographics
OHDDESTS,OHXDEN_I,Examination
OHDEXSTS,OHXDEN_I,Examination
OHDEXSTS,OHXREF_I,Examination
OHQ780D,OHQ_I,Questionnaire
PFQ061D,PFQ_I,Questionnaire
PFQ063D,PFQ_I,Questionnaire
PHDSESN,FASTQX_I,Laboratory
RHD043,RHQ_I,Questionnaire
RHD143,RHQ_I,Questionnaire
RHD173,RHQ_I,Questionnaire
RHD180,RHQ_I,Questionnaire
RHD190,RHQ_I,Questionnaire
RHD280,RHQ_I,Questionnaire
RHQ542D,RHQ_I,Questionnaire
RIDEXMON,DEMO_I,Demographics
RIDEXPRG,DEMO_I,Demographics
RIDRETH1,DEMO_I,Demographics
RIDRETH3,DEMO_I,Demographics
RXD530,RXQASA_I,Questionnaire
RXDDRGID,RXQ_RX_I,Questionnaire
RXDDRUG,RXQ_RX_I,Questionnaire
RXDRSD1,RXQ_RX_I,Questionnaire
RXDRSD2,RXQ_RX_I,Questionnaire
RXDRSD3,RXQ_RX_I,Questionnaire
RXDUSE,RXQ_RX_I,Questionnaire
SDDSRVYR,DEMO_I,Demographics
SDMVPSU,DEMO_I,Demographics
SLD012,SLQ_I,Questionnaire
SMD030,SMQ_I,Questionnaire
SMD055,SMQ_I,Questionnaire
SMD057,SMQ_I,Questionnaire
SMD093,SMQ_I,Questionnaire
SMD100FL,SMQ_I,Questionnaire
SMD100LN,SMQ_I,Questionnaire
SMD100MN,SMQ_I,Questionnaire
SMD100NI,SMQ_I,Questionnaire
SMD100TR,SMQ_I,Questionnaire
SMD460,SMQFAM_I,Questionnaire
SMD470,SMQFAM_I,Questionnaire
SMD480,SMQFAM_I,Questionnaire
SMD630,SMQ_I,Questionnaire
SMD641,SMQ_I,Questionnaire
SMD650,SMQ_I,Questionnaire
SMQ665D,SMQ_I,Questionnaire
SMQ690D,SMQRTU_I,Questionnaire
SSIMID,SSNEON_I,Laboratory
SXD021,SXQ_I,Questionnaire
SXD031,SXQ_I,Questionnaire
SXD101,SXQ_I,Questionnaire
SXD171,SXQ_I,Questionnaire
SXD450,SXQ_I,Questionnaire
SXD510,SXQ_I,Questionnaire
SXD621,SXQ_I,Questionnaire
HEQ010,HEQ_I,Questionnaire
HEQ020,HEQ_I,Questionnaire
HEQ030,HEQ_I,Questionnaire
HEQ040,HEQ_I,Questionnaire
HIQ031E,HIQ_I,Questionnaire
OHQ780E,OHQ_I,Questionnaire
OHX02SE,OHXDEN_I,Examination
OHX03SE,OHXDEN_I,Examination
OHX04SE,OHXDEN_I,Examination
OHX05SE,OHXDEN_I,Examination
OHX07SE,OHXDEN_I,Examination
OHX10SE,OHXDEN_I,Examination
OHX12SE,OHXDEN_I,Examination
OHX13SE,OHXDEN_I,Examination
OHX14SE,OHXDEN_I,Examination
OHX15SE,OHXDEN_I,Examination
OHX18SE,OHXDEN_I,Examination
OHX19SE,OHXDEN_I,Examination
OHX20SE,OHXDEN_I,Examination
OHX21SE,OHXDEN_I,Examination
OHX28SE,OHXDEN_I,Examination
OHX29SE,OHXDEN_I,Examination
OHX30SE,OHXDEN_I,Examination
OHX31SE,OHXDEN_I,Examination
OHXRRES,OHXDEN_I,Examination
OHXRRESO,OHXDEN_I,Examination
PFQ061E,PFQ_I,Questionnaire
PFQ063E,PFQ_I,Questionnaire
RXQSEEN,RXQ_RX_I,Questionnaire
SMQ690E,SMQRTU_I,Questionnaire
URDTIME1,UCFLOW_I,Laboratory
URDTIME2,UCFLOW_I,Laboratory
URDTIME3,UCFLOW_I,Laboratory
URXHEM,UVOC_I,Laboratory
URXHEM,UVOCS_I,Laboratory
URXMEP,PHTHTE_I,Laboratory
URXPHE,UVOC_I,Laboratory
URXPHE,UVOCS_I,Laboratory
URXPREG,UCPREG_I,Laboratory
WHD080E,WHQ_I,Questionnaire
WHQ030E,ECQ_I,Questionnaire
HIQ031F,HIQ_I,Questionnaire
OHQ780F,OHQ_I,Questionnaire
PFQ020,PFQ_I,Questionnaire
PFQ030,PFQ_I,Questionnaire
PFQ033,PFQ_I,Questionnaire
PFQ041,PFQ_I,Questionnaire
PFQ049,PFQ_I,Questionnaire
PFQ051,PFQ_I,Questionnaire
PFQ054,PFQ_I,Questionnaire
PFQ057,PFQ_I,Questionnaire
PFQ059,PFQ_I,Questionnaire
PFQ061F,PFQ_I,Questionnaire
PFQ061G,PFQ_I,Questionnaire
PFQ061H,PFQ_I,Questionnaire
PFQ061I,PFQ_I,Questionnaire
PFQ061J,PFQ_I,Questionnaire
PFQ061K,PFQ_I,Questionnaire
PFQ061L,PFQ_I,Questionnaire
PFQ061M,PFQ_I,Questionnaire
PFQ061N,PFQ_I,Questionnaire
PFQ061O,PFQ_I,Questionnaire
PFQ061P,PFQ_I,Questionnaire
PFQ061Q,PFQ_I,Questionnaire
PFQ061R,PFQ_I,Questionnaire
PFQ061S,PFQ_I,Questionnaire
PFQ061T,PFQ_I,Questionnaire
PFQ090,PFQ_I,Questionnaire
SMQ690F,SMQRTU_I,Questionnaire
URDFLOW1,UCFLOW_I,Laboratory
URDFLOW2,UCFLOW_I,Laboratory
URDFLOW3,UCFLOW_I,Laboratory
WHD080F,WHQ_I,Questionnaire
WTFSM,UMS_I,Laboratory
WTFSM,UTASS_I,Laboratory
WTFSM,UASS_I,Laboratory
WTFSM,UVOCS_I,Laboratory
HIQ031G,HIQ_I,Questionnaire
OHQ555G,OHQ_I,Questionnaire
OHQ560G,OHQ_I,Questionnaire
OHQ576G,OHQ_I,Questionnaire
OHQ780G,OHQ_I,Questionnaire
OHQ848G,OHQ_I,Questionnaire
ORXGH,ORHPV_I,Laboratory
ORXGL,ORHPV_I,Laboratory
RXQ525G,RXQASA_I,Questionnaire
SMQ690G,SMQRTU_I,Questionnaire
URXPHG,UVOC_I,Laboratory
URXPHG,UVOCS_I,Laboratory
URXUHG,UHG_I,Laboratory
WHD080G,WHQ_I,Questionnaire
WTSOG2YR,OGTT_I,Laboratory
HIQ011,HIQ_I,Questionnaire
HIQ031H,HIQ_I,Questionnaire
HIQ031I,HIQ_I,Questionnaire
HIQ031J,HIQ_I,Questionnaire
HIQ105,HIQ_I,Questionnaire
HIQ210,HIQ_I,Questionnaire
HIQ260,HIQ_I,Questionnaire
HIQ270,HIQ_I,Questionnaire
HOQ065,HOQ_I,Questionnaire
HSQ500,HSQ_I,Questionnaire
HSQ510,HSQ_I,Questionnaire
HSQ520,HSQ_I,Questionnaire
HSQ571,HSQ_I,Questionnaire
HSQ580,HSQ_I,Questionnaire
HSQ590,HSQ_I,Questionnaire
HUQ010,HUQ_I,Questionnaire
HUQ020,HUQ_I,Questionnaire
HUQ030,HUQ_I,Questionnaire
HUQ041,HUQ_I,Questionnaire
HUQ051,HUQ_I,Questionnaire
HUQ061,HUQ_I,Questionnaire
HUQ071,HUQ_I,Questionnaire
HUQ090,HUQ_I,Questionnaire
OHQ030,OHQ_I,Questionnaire
OHQ033,OHQ_I,Questionnaire
OHQ555Q,OHQ_I,Questionnaire
OHQ555U,OHQ_I,Questionnaire
OHQ560Q,OHQ_I,Questionnaire
OHQ560U,OHQ_I,Questionnaire
OHQ566,OHQ_I,Questionnaire
OHQ571Q,OHQ_I,Questionnaire
OHQ571U,OHQ_I,Questionnaire
OHQ576Q,OHQ_I,Questionnaire
OHQ576U,OHQ_I,Questionnaire
OHQ610,OHQ_I,Questionnaire
OHQ612,OHQ_I,Questionnaire
OHQ614,OHQ_I,Questionnaire
OHQ620,OHQ_I,Questionnaire
OHQ640,OHQ_I,Questionnaire
OHQ680,OHQ_I,Questionnaire
OHQ770,OHQ_I,Questionnaire
OHQ780H,OHQ_I,Questionnaire
OHQ780I,OHQ_I,Questionnaire
OHQ780J,OHQ_I,Questionnaire
OHQ780K,OHQ_I,Questionnaire
OHQ835,OHQ_I,Questionnaire
OHQ845,OHQ_I,Questionnaire
OHQ848Q,OHQ_I,Questionnaire
OHQ849,OHQ_I,Questionnaire
OHQ850,OHQ_I,Questionnaire
OHQ860,OHQ_I,Questionnaire
OHQ870,OHQ_I,Questionnaire
OHQ880,OHQ_I,Questionnaire
OHQ895,OHQ_I,Questionnaire
OHQ900,OHQ_I,Questionnaire
OHXIMP,OHXDEN_I,Examination
ORXH06,ORHPV_I,Laboratory
ORXH11,ORHPV_I,Laboratory
ORXH16,ORHPV_I,Laboratory
ORXH18,ORHPV_I,Laboratory
ORXH26,ORHPV_I,Laboratory
ORXH31,ORHPV_I,Laboratory
ORXH33,ORHPV_I,Laboratory
ORXH35,ORHPV_I,Laboratory
ORXH39,ORHPV_I,Laboratory
ORXH40,ORHPV_I,Laboratory
ORXH42,ORHPV_I,Laboratory
ORXH45,ORHPV_I,Laboratory
ORXH51,ORHPV_I,Laboratory
ORXH52,ORHPV_I,Laboratory
ORXH53,ORHPV_I,Laboratory
ORXH54,ORHPV_I,Laboratory
ORXH55,ORHPV_I,Laboratory
ORXH56,ORHPV_I,Laboratory
ORXH58,ORHPV_I,Laboratory
ORXH59,ORHPV_I,Laboratory
ORXH61,ORHPV_I,Laboratory
ORXH62,ORHPV_I,Laboratory
ORXH64,ORHPV_I,Laboratory
ORXH66,ORHPV_I,Laboratory
ORXH67,ORHPV_I,Laboratory
ORXH68,ORHPV_I,Laboratory
ORXH69,ORHPV_I,Laboratory
ORXH70,ORHPV_I,Laboratory
ORXH71,ORHPV_I,Laboratory
ORXH72,ORHPV_I,Laboratory
ORXH73,ORHPV_I,Laboratory
ORXH81,ORHPV_I,Laboratory
ORXH82,ORHPV_I,Laboratory
ORXH83,ORHPV_I,Laboratory
ORXH84,ORHPV_I,Laboratory
ORXHPI,ORHPV_I,Laboratory
ORXHPV,ORHPV_I,Laboratory
PHQ020,FASTQX_I,Laboratory
PHQ030,FASTQX_I,Laboratory
PHQ040,FASTQX_I,Laboratory
PHQ050,FASTQX_I,Laboratory
PHQ060,FASTQX_I,Laboratory
RHQ010,RHQ_I,Questionnaire
RHQ020,RHQ_I,Questionnaire
RHQ031,RHQ_I,Questionnaire
RHQ060,RHQ_I,Questionnaire
RHQ070,RHQ_I,Questionnaire
RHQ074,RHQ_I,Questionnaire
RHQ076,RHQ_I,Questionnaire
RHQ078,RHQ_I,Questionnaire
RHQ131,RHQ_I,Questionnaire
RHQ160,RHQ_I,Questionnaire
RHQ162,RHQ_I,Questionnaire
RHQ163,RHQ_I,Questionnaire
RHQ166,RHQ_I,Questionnaire
RHQ169,RHQ_I,Questionnaire
RHQ171,RHQ_I,Questionnaire
RHQ172,RHQ_I,Questionnaire
RHQ197,RHQ_I,Questionnaire
RHQ200,RHQ_I,Questionnaire
RHQ291,RHQ_I,Questionnaire
RHQ305,RHQ_I,Questionnaire
RHQ332,RHQ_I,Questionnaire
RHQ420,RHQ_I,Questionnaire
RHQ540,RHQ_I,Questionnaire
RHQ554,RHQ_I,Questionnaire
RHQ560Q,RHQ_I,Questionnaire
RHQ560U,RHQ_I,Questionnaire
RHQ570,RHQ_I,Questionnaire
RHQ576Q,RHQ_I,Questionnaire
RHQ576U,RHQ_I,Questionnaire
RHQ580,RHQ_I,Questionnaire
RHQ586Q,RHQ_I,Questionnaire
RHQ586U,RHQ_I,Questionnaire
RHQ596,RHQ_I,Questionnaire
RHQ602Q,RHQ_I,Questionnaire
RHQ602U,RHQ_I,Questionnaire
SMQ690H,SMQRTU_I,Questionnaire
SSMHHT,SSMHHT_I,Laboratory
SSMHHTL,SSMHHT_I,Laboratory
SSOHIM,SSNEON_I,Laboratory
URX2MH,UVOC_I,Laboratory
URX2MH,UVOCS_I,Laboratory
URXHP2,UVOC_I,Laboratory
URXHP2,UVOCS_I,Laboratory
URXHPM,UVOC_I,Laboratory
URXHPM,UVOCS_I,Laboratory
URXMHH,PHTHTE_I,Laboratory
URXMHP,PHTHTE_I,Laboratory
URXMOH,PHTHTE_I,Laboratory
WHD010,WHQ_I,Questionnaire
WHD020,WHQ_I,Questionnaire
WHD050,WHQ_I,Questionnaire
WHD080D,WHQ_I,Questionnaire
WHD080H,WHQ_I,Questionnaire
WHD080I,WHQ_I,Questionnaire
WHD080J,WHQ_I,Questionnaire
WHD080K,WHQ_I,Questionnaire
WHD080L,WHQ_I,Questionnaire
WHD080M,WHQ_I,Questionnaire
WHD080N,WHQ_I,Questionnaire
WHD080O,WHQ_I,Questionnaire
WHD080P,WHQ_I,Questionnaire
WHD080Q,WHQ_I,Questionnaire
WHD080R,WHQ_I,Questionnaire
WHD080S,WHQ_I,Questionnaire
WHD080T,WHQ_I,Questionnaire
WHD080U,WHQ_I,Questionnaire
WHD110,WHQ_I,Questionnaire
WHD120,WHQ_I,Questionnaire
WHD130,WHQ_I,Questionnaire
WHD140,WHQ_I,Questionnaire
WHQ030,WHQ_I,Questionnaire
WHQ030M,WHQMEC_I,Questionnaire
WHQ040,WHQ_I,Questionnaire
WHQ060,WHQ_I,Questionnaire
WHQ070,WHQ_I,Questionnaire
WHQ150,WHQ_I,Questionnaire
WHQ190,WHQ_I,Questionnaire
WHQ200,WHQ_I,Questionnaire
WHQ225,WHQ_I,Questionnaire
WHQ500,WHQMEC_I,Questionnaire
WHQ520,WHQMEC_I,Questionnaire
WTSH2YR,IHGEM_I,Laboratory
WTSH2YR,PBCD_I,Laboratory
IMQ011,IMQ_I,Questionnaire
IMQ020,IMQ_I,Questionnaire
IMQ060,IMQ_I,Questionnaire
IMQ070,IMQ_I,Questionnaire
IMQ090,IMQ_I,Questionnaire
IMQ100,IMQ_I,Questionnaire
INQ012,INQ_I,Questionnaire
INQ020,INQ_I,Questionnaire
INQ030,INQ_I,Questionnaire
INQ060,INQ_I,Questionnaire
INQ080,INQ_I,Questionnaire
INQ090,INQ_I,Questionnaire
INQ132,INQ_I,Questionnaire
INQ140,INQ_I,Questionnaire
INQ150,INQ_I,Questionnaire
INQ300,INQ_I,Questionnaire
INQ320,INQ_I,Questionnaire
KIQ005,KIQ_U_I,Questionnaire
KIQ010,KIQ_U_I,Questionnaire
KIQ022,KIQ_U_I,Questionnaire
KIQ025,KIQ_U_I,Questionnaire
KIQ026,KIQ_U_I,Questionnaire
KIQ029,KIQ_U_I,Questionnaire
KIQ042,KIQ_U_I,Questionnaire
KIQ044,KIQ_U_I,Questionnaire
KIQ046,KIQ_U_I,Questionnaire
KIQ050,KIQ_U_I,Questionnaire
KIQ052,KIQ_U_I,Questionnaire
KIQ430,KIQ_U_I,Questionnaire
KIQ450,KIQ_U_I,Questionnaire
KIQ470,KIQ_U_I,Questionnaire
KIQ480,KIQ_U_I,Questionnaire
SMQ690I,SMQRTU_I,Questionnaire
URXIPM1,UVOC_I,Laboratory
URXIPM1,UVOCS_I,Laboratory
URXIPM3,UVOC_I,Laboratory
URXIPM3,UVOCS_I,Laboratory
URXUIO,UIO_I,Laboratory
URXUTRI,TRICH_I,Laboratory
WTINT2YR,DEMO_I,Demographics
SMQ690J,SMQRTU_I,Questionnaire
SLQ030,SLQ_I,Questionnaire
SLQ040,SLQ_I,Questionnaire
SLQ050,SLQ_I,Questionnaire
SLQ120,SLQ_I,Questionnaire
SLQ300,SLQ_I,Questionnaire
SLQ310,SLQ_I,Questionnaire
SSMONPL,SSMHHT_I,Laboratory
URXUTL,UMS_I,Laboratory
URXUTL,UM_I,Laboratory
URXVOL1,UCFLOW_I,Laboratory
URXVOL2,UCFLOW_I,Laboratory
URXVOL3,UCFLOW_I,Laboratory
SMQ020,SMQ_I,Questionnaire
SMQ040,SMQ_I,Questionnaire
SMQ050Q,SMQ_I,Questionnaire
SMQ050U,SMQ_I,Questionnaire
SMQ078,SMQ_I,Questionnaire
SMQ080,SMQ_I,Questionnaire
SMQ621,SMQ_I,Questionnaire
SMQ661,SMQ_I,Questionnaire
SMQ670,SMQ_I,Questionnaire
SMQ681,SMQRTU_I,Questionnaire
SMQ710,SMQRTU_I,Questionnaire
SMQ720,SMQRTU_I,Questionnaire
SMQ725,SMQRTU_I,Questionnaire
SMQ740,SMQRTU_I,Questionnaire
SMQ770,SMQRTU_I,Questionnaire
SMQ800,SMQRTU_I,Questionnaire
SMQ817,SMQRTU_I,Questionnaire
SMQ830,SMQRTU_I,Questionnaire
SMQ840,SMQRTU_I,Questionnaire
SMQ845,SMQRTU_I,Questionnaire
SMQ848,SMQ_I,Questionnaire
SMQ849,SMQRTU_I,Questionnaire
SMQ851,SMQRTU_I,Questionnaire
SMQ852Q,SMQ_I,Questionnaire
SMQ852U,SMQ_I,Questionnaire
SMQ856,SMQSHS_I,Questionnaire
SMQ857,SMQRTU_I,Questionnaire
SMQ858,SMQSHS_I,Questionnaire
SMQ860,SMQSHS_I,Questionnaire
SMQ861,SMQRTU_I,Questionnaire
SMQ862,SMQSHS_I,Questionnaire
SMQ863,SMQRTU_I,Questionnaire
SMQ866,SMQSHS_I,Questionnaire
SMQ868,SMQSHS_I,Questionnaire
SMQ870,SMQSHS_I,Questionnaire
SMQ872,SMQSHS_I,Questionnaire
SMQ874,SMQSHS_I,Questionnaire
SMQ876,SMQSHS_I,Questionnaire
SMQ878,SMQSHS_I,Questionnaire
SMQ880,SMQSHS_I,Questionnaire
SMQ890,SMQ_I,Questionnaire
SMQ895,SMQ_I,Questionnaire
SMQ900,SMQ_I,Questionnaire
SMQ905,SMQ_I,Questionnaire
SMQ910,SMQ_I,Questionnaire
SMQ915,SMQ_I,Questionnaire
SMQ925,SMQ_I,Questionnaire
SMQ930,SMQ_I,Questionnaire
SMQ935,SMQ_I,Questionnaire
SSMONP,SSMHHT_I,Laboratory
URX34M,UVOC_I,Laboratory
URX34M,UVOCS_I,Laboratory
URXDPM,UVOC_I,Laboratory
URXDPM,UVOCS_I,Laboratory
URXMNP,PHTHTE_I,Laboratory
URXMZP,PHTHTE_I,Laboratory
URXPMM,UVOC_I,Laboratory
URXPMM,UVOCS_I,Laboratory
URXUMN,UMS_I,Laboratory
URXUMN,UM_I,Laboratory
URXUMO,UMS_I,Laboratory
URXUMO,UM_I,Laboratory
URXUMS,ALB_CR_I,Laboratory
URXUSN,UMS_I,Laboratory
URXUSN,UM_I,Laboratory
OSQ230,MCQ_I,Questionnaire
RXQ510,RXQASA_I,Questionnaire
RXQ515,RXQASA_I,Questionnaire
RXQ520,RXQASA_I,Questionnaire
RXQ525Q,RXQASA_I,Questionnaire
RXQ525U,RXQASA_I,Questionnaire
SXQ130,SXQ_I,Questionnaire
SXQ251,SXQ_I,Questionnaire
SXQ260,SXQ_I,Questionnaire
SXQ265,SXQ_I,Questionnaire
SXQ267,SXQ_I,Questionnaire
SXQ270,SXQ_I,Questionnaire
SXQ272,SXQ_I,Questionnaire
SXQ280,SXQ_I,Questionnaire
SXQ295,SXQ_I,Questionnaire
SXQ296,SXQ_I,Questionnaire
SXQ410,SXQ_I,Questionnaire
SXQ490,SXQ_I,Questionnaire
SXQ550,SXQ_I,Questionnaire
SXQ590,SXQ_I,Questionnaire
SXQ600,SXQ_I,Questionnaire
SXQ610,SXQ_I,Questionnaire
SXQ624,SXQ_I,Questionnaire
SXQ627,SXQ_I,Questionnaire
SXQ636,SXQ_I,Questionnaire
SXQ639,SXQ_I,Questionnaire
SXQ645,SXQ_I,Questionnaire
SXQ648,SXQ_I,Questionnaire
SXQ700,SXQ_I,Questionnaire
SXQ703,SXQ_I,Questionnaire
SXQ706,SXQ_I,Questionnaire
SXQ709,SXQ_I,Questionnaire
SXQ724,SXQ_I,Questionnaire
SXQ727,SXQ_I,Questionnaire
SXQ741,SXQ_I,Questionnaire
SXQ753,SXQ_I,Questionnaire
SXQ800,SXQ_I,Questionnaire
SXQ803,SXQ_I,Questionnaire
SXQ806,SXQ_I,Questionnaire
SXQ809,SXQ_I,Questionnaire
SXQ824,SXQ_I,Questionnaire
SXQ827,SXQ_I,Questionnaire
SXQ836,SXQ_I,Questionnaire
SXQ841,SXQ_I,Questionnaire
SXQ853,SXQ_I,Questionnaire
URX14D,EPHPP_I,Laboratory
URXTRS,EPHPP_I,Laboratory
URXUSR,UMS_I,Laboratory
URXUSR,UM_I,Laboratory
URXUTU,UMS_I,Laboratory
URXUTU,UM_I,Laboratory
URXUUR,UMS_I,Laboratory
URXUUR,UM_I,Laboratory
WTDR2D,DR1TOT_I,Dietary
WTDR2D,DR2TOT_I,Dietary
WTDR2D,DR1IFF_I,Dietary
WTDR2D,DR2IFF_I,Dietary
WTDRD1,DR1TOT_I,Dietary
WTDRD1,DR2TOT_I,Dietary
WTDRD1,DR1IFF_I,Dietary
WTDRD1,DR2IFF_I,Dietary
WTSVS2YR,VOCWBS_I,Laboratory
SXD630,SXQ_I,Questionnaire
SXD633,SXQ_I,Questionnaire
SXD642,SXQ_I,Questionnaire