,feature,file,folder
2,DMDCITZN,DEMO,Demographics
3,DMDEDUC2,DEMO,Demographics
5,DMDFMSIZ,DEMO,Demographics
6,DMDHHSIZ,DEMO,Demographics
7,DMDHRAGE,DEMO,Demographics
9,DMDHREDU,DEMO,Demographics
10,DMDHRGND,DEMO,Demographics
11,DMDHRMAR,DEMO,Demographics
12,DMDHSEDU,DEMO,Demographics
13,DMDMARTL,DEMO,Demographics
16,DMQMILIT,DEMO,Demographics
17,FIAINTRP,DEMO,Demographics
18,FIALANG,DEMO,Demographics
19,FIAPROXY,DEMO,Demographics
21,INDFMPIR,DEMO,Demographics
23,MIAINTRP,DEMO,Demographics
24,MIALANG,DEMO,Demographics
25,MIAPROXY,DEMO,Demographics
26,RIAGENDR,DEMO,Demographics
27,RIDAGEEX,DEMO,Demographics
28,RIDAGEMN,DEMO,Demographics
29,RIDAGEYR,DEMO,Demographics
30,RIDEXMON,DEMO,Demographics
32,RIDRETH1,DEMO,Demographics
33,RIDSTATR,DEMO,Demographics
34,SDDSRVYR,DEMO,Demographics
35,SDMVPSU,DEMO,Demographics
36,SDMVSTRA,DEMO,Demographics
37,SIAINTRP,DEMO,Demographics
38,SIALANG,DEMO,Demographics
39,SIAPROXY,DEMO,Demographics
40,WTINT2YR,DEMO,Demographics
41,WTMEC2YR,DEMO,Demographics
44,INDFMIN2,DEMO,Demographics
45,INDHHIN2,DEMO,Demographics
686,DBQ095Z,DR1TOT,Dietary
687,DR1_300,DR1TOT,Dietary
692,DR1DAY,DR1TOT,Dietary
693,DR1DRSTZ,DR1TOT,Dietary
694,DR1EXMER,DR1TOT,Dietary
695,DR1HELPD,DR1TOT,Dietary
696,DR1LANG,DR1TOT,Dietary
697,DR1MNRSP,DR1TOT,Dietary
698,DR1TACAR,DR1TOT,Dietary
699,DR1TALCO,DR1TOT,Dietary
700,DR1TATOA,DR1TOT,Dietary
701,DR1TATOC,DR1TOT,Dietary
702,DR1TB12A,DR1TOT,Dietary
703,DR1TBCAR,DR1TOT,Dietary
704,DR1TCAFF,DR1TOT,Dietary
705,DR1TCALC,DR1TOT,Dietary
706,DR1TCARB,DR1TOT,Dietary
707,DR1TCHOL,DR1TOT,Dietary
708,DR1TCOPP,DR1TOT,Dietary
709,DR1TCRYP,DR1TOT,Dietary
710,DR1TFA,DR1TOT,Dietary
711,DR1TFDFE,DR1TOT,Dietary
712,DR1TFF,DR1TOT,Dietary
713,DR1TFIBE,DR1TOT,Dietary
714,DR1TFOLA,DR1TOT,Dietary
715,DR1TIRON,DR1TOT,Dietary
716,DR1TKCAL,DR1TOT,Dietary
717,DR1TLYCO,DR1TOT,Dietary
718,DR1TLZ,DR1TOT,Dietary
719,DR1TM161,DR1TOT,Dietary
720,DR1TM181,DR1TOT,Dietary
721,DR1TM201,DR1TOT,Dietary
722,DR1TM221,DR1TOT,Dietary
723,DR1TMAGN,DR1TOT,Dietary
724,DR1TMFAT,DR1TOT,Dietary
725,DR1TMOIS,DR1TOT,Dietary
726,DR1TNIAC,DR1TOT,Dietary
727,DR1TNUMF,DR1TOT,Dietary
728,DR1TP182,DR1TOT,Dietary
729,DR1TP183,DR1TOT,Dietary
730,DR1TP184,DR1TOT,Dietary
731,DR1TP204,DR1TOT,Dietary
732,DR1TP205,DR1TOT,Dietary
733,DR1TP225,DR1TOT,Dietary
734,DR1TP226,DR1TOT,Dietary
735,DR1TPFAT,DR1TOT,Dietary
736,DR1TPHOS,DR1TOT,Dietary
737,DR1TPOTA,DR1TOT,Dietary
738,DR1TPROT,DR1TOT,Dietary
739,DR1TRET,DR1TOT,Dietary
740,DR1TS040,DR1TOT,Dietary
741,DR1TS060,DR1TOT,Dietary
742,DR1TS080,DR1TOT,Dietary
743,DR1TS100,DR1TOT,Dietary
744,DR1TS120,DR1TOT,Dietary
745,DR1TS140,DR1TOT,Dietary
746,DR1TS160,DR1TOT,Dietary
747,DR1TS180,DR1TOT,Dietary
748,DR1TSELE,DR1TOT,Dietary
749,DR1TSFAT,DR1TOT,Dietary
750,DR1TSODI,DR1TOT,Dietary
751,DR1TSUGR,DR1TOT,Dietary
752,DR1TTFAT,DR1TOT,Dietary
753,DR1TTHEO,DR1TOT,Dietary
754,DR1TVARA,DR1TOT,Dietary
755,DR1TVB1,DR1TOT,Dietary
756,DR1TVB12,DR1TOT,Dietary
757,DR1TVB2,DR1TOT,Dietary
758,DR1TVB6,DR1TOT,Dietary
759,DR1TVC,DR1TOT,Dietary
760,DR1TVK,DR1TOT,Dietary
761,DR1TWS,DR1TOT,Dietary
762,DR1TZINC,DR1TOT,Dietary
763,DRABF,DR1TOT,Dietary
764,DRD340,DR1TOT,Dietary
786,DRD360,DR1TOT,Dietary
830,DRDINT,DR1TOT,Dietary
831,DRQSDIET,DR1TOT,Dietary
841,DRQSPREP,DR1TOT,Dietary
842,WTDR2D,DR1TOT,Dietary
843,WTDRD1,DR1TOT,Dietary
844,DR2_300,DR2TOT,Dietary
849,DR2DAY,DR2TOT,Dietary
850,DR2DRSTZ,DR2TOT,Dietary
851,DR2EXMER,DR2TOT,Dietary
852,DR2HELPD,DR2TOT,Dietary
853,DR2LANG,DR2TOT,Dietary
854,DR2MNRSP,DR2TOT,Dietary
855,DR2TACAR,DR2TOT,Dietary
856,DR2TALCO,DR2TOT,Dietary
857,DR2TATOA,DR2TOT,Dietary
858,DR2TATOC,DR2TOT,Dietary
859,DR2TB12A,DR2TOT,Dietary
860,DR2TBCAR,DR2TOT,Dietary
861,DR2TCAFF,DR2TOT,Dietary
862,DR2TCALC,DR2TOT,Dietary
863,DR2TCARB,DR2TOT,Dietary
864,DR2TCHOL,DR2TOT,Dietary
865,DR2TCOPP,DR2TOT,Dietary
866,DR2TCRYP,DR2TOT,Dietary
867,DR2TFA,DR2TOT,Dietary
868,DR2TFDFE,DR2TOT,Dietary
869,DR2TFF,DR2TOT,Dietary
870,DR2TFIBE,DR2TOT,Dietary
871,DR2TFOLA,DR2TOT,Dietary
872,DR2TIRON,DR2TOT,Dietary
873,DR2TKCAL,DR2TOT,Dietary
874,DR2TLYCO,DR2TOT,Dietary
875,DR2TLZ,DR2TOT,Dietary
876,DR2TM161,DR2TOT,Dietary
877,DR2TM181,DR2TOT,Dietary
878,DR2TM201,DR2TOT,Dietary
879,DR2TM221,DR2TOT,Dietary
880,DR2TMAGN,DR2TOT,Dietary
881,DR2TMFAT,DR2TOT,Dietary
882,DR2TMOIS,DR2TOT,Dietary
883,DR2TNIAC,DR2TOT,Dietary
884,DR2TNUMF,DR2TOT,Dietary
885,DR2TP182,DR2TOT,Dietary
886,DR2TP183,DR2TOT,Dietary
887,DR2TP184,DR2TOT,Dietary
888,DR2TP204,DR2TOT,Dietary
889,DR2TP205,DR2TOT,Dietary
890,DR2TP225,DR2TOT,Dietary
891,DR2TP226,DR2TOT,Dietary
892,DR2TPFAT,DR2TOT,Dietary
893,DR2TPHOS,DR2TOT,Dietary
894,DR2TPOTA,DR2TOT,Dietary
895,DR2TPROT,DR2TOT,Dietary
896,DR2TRET,DR2TOT,Dietary
897,DR2TS040,DR2TOT,Dietary
898,DR2TS060,DR2TOT,Dietary
899,DR2TS080,DR2TOT,Dietary
900,DR2TS100,DR2TOT,Dietary
901,DR2TS120,DR2TOT,Dietary
902,DR2TS140,DR2TOT,Dietary
903,DR2TS160,DR2TOT,Dietary
904,DR2TS180,DR2TOT,Dietary
905,DR2TSELE,DR2TOT,Dietary
906,DR2TSFAT,DR2TOT,Dietary
907,DR2TSODI,DR2TOT,Dietary
908,DR2TSUGR,DR2TOT,Dietary
909,DR2TTFAT,DR2TOT,Dietary
910,DR2TTHEO,DR2TOT,Dietary
911,DR2TVARA,DR2TOT,Dietary
912,DR2TVB1,DR2TOT,Dietary
913,DR2TVB12,DR2TOT,Dietary
914,DR2TVB2,DR2TOT,Dietary
915,DR2TVB6,DR2TOT,Dietary
916,DR2TVC,DR2TOT,Dietary
917,DR2TVK,DR2TOT,Dietary
918,DR2TWS,DR2TOT,Dietary
919,DR2TZINC,DR2TOT,Dietary
920,DRABF,DR2TOT,Dietary
921,DRDINT,DR2TOT,Dietary
922,WTDR2D,DR2TOT,Dietary
923,WTDRD1,DR2TOT,Dietary
1455,DR1_320Z,DR1TOT,Dietary
1456,DR1_330Z,DR1TOT,Dietary
1457,DR1BWATZ,DR1TOT,Dietary
1459,DR1TCHL,DR1TOT,Dietary
1529,BPAARM,BPX,Examination
1530,BPACSZ,BPX,Examination
1531,BPAEN1,BPX,Examination
1532,BPAEN2,BPX,Examination
1533,BPAEN3,BPX,Examination
1535,BPQ150A,BPX,Examination
1536,BPQ150B,BPX,Examination
1537,BPQ150C,BPX,Examination
1538,BPQ150D,BPX,Examination
1541,BPXDI1,BPX,Examination
1542,BPXDI2,BPX,Examination
1543,BPXDI3,BPX,Examination
1545,BPXML1,BPX,Examination
1546,BPXPLS,BPX,Examination
1547,BPXPTY,BPX,Examination
1548,BPXPULS,BPX,Examination
1549,BPXSY1,BPX,Examination
1550,BPXSY2,BPX,Examination
1551,BPXSY3,BPX,Examination
1554,PEASCST1,BPX,Examination
1555,PEASCTM1,BPX,Examination
1556,BMDSTATS,BMX,Examination
1569,BMXARMC,BMX,Examination
1570,BMXARML,BMX,Examination
1571,BMXBMI,BMX,Examination
1574,BMXHT,BMX,Examination
1575,BMXLEG,BMX,Examination
1579,BMXTRI,BMX,Examination
1580,BMXWAIST,BMX,Examination
1581,BMXWT,BMX,Examination
2768,OHAREC,OHXREF,Examination
8143,LBXHA,HEPA,Laboratory
8144,LBDHBG,HEPBD,Laboratory
8145,LBDHD,HEPBD,Laboratory
8146,LBXHBC,HEPBD,Laboratory
8147,LBXHBS,HEPB_S,Laboratory
8164,LBDBANO,CBC,Laboratory
8165,LBDEONO,CBC,Laboratory
8166,LBDLYMNO,CBC,Laboratory
8167,LBDMONO,CBC,Laboratory
8168,LBDNENO,CBC,Laboratory
8169,LBXBAPCT,CBC,Laboratory
8170,LBXEOPCT,CBC,Laboratory
8171,LBXHCT,CBC,Laboratory
8172,LBXHGB,CBC,Laboratory
8173,LBXLYPCT,CBC,Laboratory
8174,LBXMC,CBC,Laboratory
8175,LBXMCHSI,CBC,Laboratory
8176,LBXMCVSI,CBC,Laboratory
8177,LBXMOPCT,CBC,Laboratory
8178,LBXMPSI,CBC,Laboratory
8179,LBXNEPCT,CBC,Laboratory
8180,LBXPLTSI,CBC,Laboratory
8181,LBXRBCSI,CBC,Laboratory
8182,LBXRDW,CBC,Laboratory
8183,LBXWBCSI,CBC,Laboratory
8191,LBXGH,GHB,Laboratory
8198,PHAFSTHR,FASTQX,Laboratory
8199,PHAFSTMN,FASTQX,Laboratory
8204,PHDSESN,FASTQX,Laboratory
8205,PHQ020,FASTQX,Laboratory
8206,PHQ030,FASTQX,Laboratory
8207,PHQ040,FASTQX,Laboratory
8208,PHQ050,FASTQX,Laboratory
8209,PHQ060,FASTQX,Laboratory
8275,URXCRS,ALB_CR,Laboratory
8276,URXUCR,ALB_CR,Laboratory
8277,URXUMA,ALB_CR,Laboratory
8278,URXUMS,ALB_CR,Laboratory
8279,LBDSALSI,BIOPRO,Laboratory
8280,LBDSBUSI,BIOPRO,Laboratory
8281,LBDSCASI,BIOPRO,Laboratory
8282,LBDSCHSI,BIOPRO,Laboratory
8283,LBDSCRSI,BIOPRO,Laboratory
8284,LBDSGBSI,BIOPRO,Laboratory
8285,LBDSGLSI,BIOPRO,Laboratory
8286,LBDSIRSI,BIOPRO,Laboratory
8287,LBDSPHSI,BIOPRO,Laboratory
8288,LBDSTBSI,BIOPRO,Laboratory
8289,LBDSTPSI,BIOPRO,Laboratory
8290,LBDSTRSI,BIOPRO,Laboratory
8291,LBDSUASI,BIOPRO,Laboratory
8292,LBXSAL,BIOPRO,Laboratory
8293,LBXSAPSI,BIOPRO,Laboratory
8294,LBXSASSI,BIOPRO,Laboratory
8295,LBXSATSI,BIOPRO,Laboratory
8296,LBXSBU,BIOPRO,Laboratory
8297,LBXSC3SI,BIOPRO,Laboratory
8298,LBXSCA,BIOPRO,Laboratory
8299,LBXSCH,BIOPRO,Laboratory
8300,LBXSCLSI,BIOPRO,Laboratory
8301,LBXSCR,BIOPRO,Laboratory
8302,LBXSGB,BIOPRO,Laboratory
8303,LBXSGL,BIOPRO,Laboratory
8304,LBXSGTSI,BIOPRO,Laboratory
8305,LBXSIR,BIOPRO,Laboratory
8306,LBXSKSI,BIOPRO,Laboratory
8307,LBXSLDSI,BIOPRO,Laboratory
8308,LBXSNASI,BIOPRO,Laboratory
8309,LBXSOSSI,BIOPRO,Laboratory
8310,LBXSPH,BIOPRO,Laboratory
8311,LBXSTB,BIOPRO,Laboratory
8312,LBXSTP,BIOPRO,Laboratory
8313,LBXSTR,BIOPRO,Laboratory
8314,LBXSUA,BIOPRO,Laboratory
8340,LBDTCSI,TCHOL,Laboratory
8341,LBXTC,TCHOL,Laboratory
8540,LBDHDD,HDL,Laboratory
8541,LBDHDDSI,HDL,Laboratory
12193,LBDBCDSI,PBCD,Laboratory
12197,LBDBPBSI,PBCD,Laboratory
12200,LBDTHGLC,PBCD,Laboratory
12201,LBDTHGSI,PBCD,Laboratory
12202,LBXBCD,PBCD,Laboratory
12204,LBXBPB,PBCD,Laboratory
12206,LBXTHG,PBCD,Laboratory
12948,ACD010A,ACQ,Questionnaire
12952,ALQ101,ALQ,Questionnaire
12954,ALQ120Q,ALQ,Questionnaire
12955,ALQ120U,ALQ,Questionnaire
12956,ALQ130,ALQ,Questionnaire
12989,BPQ020,BPQ,Questionnaire
12990,BPQ030,BPQ,Questionnaire
12991,BPQ040A,BPQ,Questionnaire
12992,BPQ050A,BPQ,Questionnaire
12993,BPQ060,BPQ,Questionnaire
12994,BPQ070,BPQ,Questionnaire
12995,BPQ080,BPQ,Questionnaire
12999,BPQ090D,BPQ,Questionnaire
13004,CDQ001,CDQ,Questionnaire
13019,CDQ010,CDQ,Questionnaire
13020,HSAQUEX,HSQ,Questionnaire
13021,HSD010,HSQ,Questionnaire
13022,HSQ470,HSQ,Questionnaire
13023,HSQ480,HSQ,Questionnaire
13024,HSQ490,HSQ,Questionnaire
13025,HSQ500,HSQ,Questionnaire
13026,HSQ510,HSQ,Questionnaire
13027,HSQ520,HSQ,Questionnaire
13028,HSQ571,HSQ,Questionnaire
13030,HSQ590,HSQ,Questionnaire
13031,DPQ010,DPQ,Questionnaire
13032,DPQ020,DPQ,Questionnaire
13033,DPQ030,DPQ,Questionnaire
13034,DPQ040,DPQ,Questionnaire
13035,DPQ050,DPQ,Questionnaire
13036,DPQ060,DPQ,Questionnaire
13037,DPQ070,DPQ,Questionnaire
13038,DPQ080,DPQ,Questionnaire
13039,DPQ090,DPQ,Questionnaire
13041,DED031,DEQ,Questionnaire
13072,DBQ197,DBQ,Questionnaire
13073,DBQ229,DBQ,Questionnaire
13074,DBQ235A,DBQ,Questionnaire
13075,DBQ235B,DBQ,Questionnaire
13076,DBQ235C,DBQ,Questionnaire
13078,DBQ330,DBQ,Questionnaire
13085,DBQ700,DBQ,Questionnaire
13136,IMQ011,IMQ,Questionnaire
13137,IMQ020,IMQ,Questionnaire
13149,KIQ005,KIQ_U,Questionnaire
13151,KIQ022,KIQ_U,Questionnaire
13154,KIQ042,KIQ_U,Questionnaire
13155,KIQ044,KIQ_U,Questionnaire
13156,KIQ046,KIQ_U,Questionnaire
13162,KIQ480,KIQ_U,Questionnaire
13165,MCQ010,MCQ,Questionnaire
13171,MCQ053,MCQ,Questionnaire
13172,MCQ080,MCQ,Questionnaire
13173,MCQ092,MCQ,Questionnaire
13174,MCQ140,MCQ,Questionnaire
13178,MCQ160A,MCQ,Questionnaire
13179,MCQ160B,MCQ,Questionnaire
13180,MCQ160C,MCQ,Questionnaire
13181,MCQ160D,MCQ,Questionnaire
13182,MCQ160E,MCQ,Questionnaire
13183,MCQ160F,MCQ,Questionnaire
13184,MCQ160G,MCQ,Questionnaire
13185,MCQ160K,MCQ,Questionnaire
13186,MCQ160L,MCQ,Questionnaire
13187,MCQ160M,MCQ,Questionnaire
13188,MCQ160N,MCQ,Questionnaire
13192,MCQ180A,MCQ,Questionnaire
13247,MCQ300A,MCQ,Questionnaire
13248,MCQ300B,MCQ,Questionnaire
13249,MCQ300C,MCQ,Questionnaire
13255,OHQ620,OHQ,Questionnaire
13257,OHQ640,OHQ,Questionnaire
13261,OHQ680,OHQ,Questionnaire
13262,PAAQUEX,PAQ,Questionnaire
13270,PAD680,PAQ,Questionnaire
13272,PAQ605,PAQ,Questionnaire
13274,PAQ620,PAQ,Questionnaire
13276,PAQ635,PAQ,Questionnaire
13278,PAQ650,PAQ,Questionnaire
13280,PAQ665,PAQ,Questionnaire
13305,PFQ049,PFQ,Questionnaire
13306,PFQ051,PFQ,Questionnaire
13307,PFQ054,PFQ,Questionnaire
13308,PFQ057,PFQ,Questionnaire
13309,PFQ059,PFQ,Questionnaire
13310,PFQ061A,PFQ,Questionnaire
13313,PFQ061D,PFQ,Questionnaire
13314,PFQ061E,PFQ,Questionnaire
13315,PFQ061F,PFQ,Questionnaire
13316,PFQ061G,PFQ,Questionnaire
13317,PFQ061H,PFQ,Questionnaire
13318,PFQ061I,PFQ,Questionnaire
13319,PFQ061J,PFQ,Questionnaire
13320,PFQ061K,PFQ,Questionnaire
13321,PFQ061L,PFQ,Questionnaire
13322,PFQ061M,PFQ,Questionnaire
13323,PFQ061N,PFQ,Questionnaire
13324,PFQ061O,PFQ,Questionnaire
13325,PFQ061P,PFQ,Questionnaire
13326,PFQ061Q,PFQ,Questionnaire
13327,PFQ061R,PFQ,Questionnaire
13328,PFQ061S,PFQ,Questionnaire
13329,PFQ061T,PFQ,Questionnaire
13330,PFQ063A,PFQ,Questionnaire
13335,PFQ090,PFQ,Questionnaire
13336,PUQ100,PUQMEC,Questionnaire
13337,PUQ110,PUQMEC,Questionnaire
13338,SMD410,SMQFAM,Questionnaire
13342,SMAQUEX,SMQRTU,Questionnaire
13402,WHD010,WHQ,Questionnaire
13403,WHD020,WHQ,Questionnaire
13405,WHD050,WHQ,Questionnaire
13441,WHD110,WHQ,Questionnaire
13442,WHD120,WHQ,Questionnaire
13443,WHD130,WHQ,Questionnaire
13444,WHD140,WHQ,Questionnaire
13446,WHQ030,WHQ,Questionnaire
13447,WHQ040,WHQ,Questionnaire
13449,WHQ070,WHQ,Questionnaire
13450,WHQ090,WHQ,Questionnaire
13451,WHQ150,WHQ,Questionnaire
13483,HIQ011,HIQ,Questionnaire
13496,HIQ210,HIQ,Questionnaire
13498,HIQ270,HIQ,Questionnaire
13560,OSQ060,OSQ,Questionnaire
13623,RDQ031,RDQ,Questionnaire
13624,RDQ050,RDQ,Questionnaire
13625,RDQ070,RDQ,Questionnaire
13632,RDQ140,RDQ,Questionnaire
13640,SXQ260,SXQ,Questionnaire
13641,SXQ265,SXQ,Questionnaire
13642,SXQ270,SXQ,Questionnaire
13643,SXQ272,SXQ,Questionnaire
13673,DIQ010,DIQ,Questionnaire
13674,DIQ050,DIQ,Questionnaire
13677,DIQ160,DIQ,Questionnaire
13678,DIQ170,DIQ,Questionnaire
13679,DIQ180,DIQ,Questionnaire
13697,HUQ010,HUQ,Questionnaire
13698,HUQ020,HUQ,Questionnaire
13699,HUQ030,HUQ,Questionnaire
13700,HUQ040,HUQ,Questionnaire
13701,HUQ050,HUQ,Questionnaire
13703,HUQ071,HUQ,Questionnaire
13704,HUQ090,HUQ,Questionnaire
13705,SMAQUEX2,SMQ,Questionnaire
13706,SMD030,SMQ,Questionnaire
13710,SMD100BR,SMQ,Questionnaire
13720,SMDUPCA,SMQ,Questionnaire
13721,SMQ020,SMQ,Questionnaire
13722,SMQ040,SMQ,Questionnaire
13741,SLD010H,SLQ,Questionnaire
13745,SLQ050,SLQ,Questionnaire
13746,SLQ060,SLQ,Questionnaire
13768,HOD050,HOQ,Questionnaire
13769,HOD060,HOQ,Questionnaire
13771,HOQ065,HOQ,Questionnaire
13772,HOQ070,HOQ,Questionnaire
13773,HOQ080,HOQ,Questionnaire
14783,OCD270,OCQ,Questionnaire
14785,OCD395,OCQ,Questionnaire
14793,OCQ260,OCQ,Questionnaire
14809,OCQ380,OCQ,Questionnaire
14818,OHQ030,OHQ,Questionnaire
14819,OHQ033,OHQ,Questionnaire
15213,IND235,INQ,Questionnaire
15215,INDFMMPC,INQ,Questionnaire
15216,INDFMMPI,INQ,Questionnaire
15217,INQ012,INQ,Questionnaire
15218,INQ020,INQ,Questionnaire
15219,INQ030,INQ,Questionnaire
15220,INQ060,INQ,Questionnaire
15221,INQ080,INQ,Questionnaire
15222,INQ090,INQ,Questionnaire
15223,INQ132,INQ,Questionnaire
15224,INQ140,INQ,Questionnaire
15225,INQ150,INQ,Questionnaire
15227,FSD032A,FSQ,Questionnaire
15228,FSD032B,FSQ,Questionnaire
15229,FSD032C,FSQ,Questionnaire
15245,FSD151,FSQ,Questionnaire
15260,FSDAD,FSQ,Questionnaire
15262,FSDHH,FSQ,Questionnaire
15527,OCD150,OCQ,Questionnaire
15528,OCD390G,OCQ,Questionnaire
